date,time,model,signal,outcome,spot,atm_strike,option_ltp,vwap,vwap_dist_pct,rsi14,body_pct,or_high,or_low,skip_reasons,reason
2026-06-18,09:20:00,ANY,NO_SIGNAL,SKIPPED,24083.1,24100,0.0,24102.27,-0.08,63.08,49.29,,,market is sideways,
2026-06-18,09:25:00,ANY,NO_SIGNAL,SKIPPED,24093.05,24100,0.0,24103.1,-0.042,67.92,19.62,,,low volume — no participation,
2026-06-18,09:30:00,ANY,NO_SIGNAL,SKIPPED,24090.25,24100,0.0,24103.22,-0.054,66.69,9.48,,,market is sideways,
2026-06-18,09:35:00,ANY,NO_SIGNAL,SKIPPED,24085.1,24100,0.0,24102.61,-0.073,58.17,80.0,,,market is sideways,
2026-06-18,09:40:00,ANY,NO_SIGNAL,SKIPPED,24085.65,24100,0.0,24100.35,-0.061,58.93,9.26,24138.8,24075.3,market is sideways,
2026-06-18,09:45:00,ANY,NO_SIGNAL,SKIPPED,24109.1,24100,0.0,24101.85,0.03,68.16,90.63,24138.8,24075.3,market is sideways,
2026-06-18,09:50:00,ANY,NO_SIGNAL,SKIPPED,24127.05,24150,0.0,24107.3,0.082,72.99,94.48,24138.8,24075.3,low volume — no participation,
2026-06-18,09:55:00,ANY,NO_SIGNAL,SKIPPED,24136.45,24150,0.0,24114.29,0.092,73.93,20.68,24138.8,24075.3,too close to VWAP,
2026-06-18,10:00:00,ANY,NO_SIGNAL,SKIPPED,24123.2,24100,0.0,24116.27,0.029,66.34,73.04,24138.8,24075.3,low volume — no participation,
2026-06-18,10:05:00,ANY,NO_SIGNAL,SKIPPED,24115.5,24100,0.0,24117.54,-0.008,60.91,47.81,24138.8,24075.3,market is sideways,
2026-06-18,10:10:00,ANY,NO_SIGNAL,SKIPPED,24127.8,24150,0.0,24118.46,0.039,65.7,86.36,24138.8,24075.3,low volume — no participation,
2026-06-18,10:15:00,ANY,NO_SIGNAL,SKIPPED,24125.6,24150,0.0,24119.08,0.027,62.82,29.86,24138.8,24075.3,market is sideways,
2026-06-18,10:20:00,ANY,NO_SIGNAL,SKIPPED,24113.8,24100,0.0,24119.29,-0.023,56.59,60.63,24138.8,24075.3,market is sideways,
2026-06-18,10:25:00,ANY,NO_SIGNAL,SKIPPED,24115.45,24100,0.0,24119.32,-0.016,56.59,0.0,24138.8,24075.3,market is sideways,
2026-06-18,10:30:00,ANY,NO_SIGNAL,SKIPPED,24109.4,24100,0.0,24119.31,-0.041,56.98,9.09,24138.8,24075.3,market is sideways,
2026-06-18,10:35:00,ANY,NO_SIGNAL,SKIPPED,24111.55,24100,0.0,24119.16,-0.032,56.44,24.38,24138.8,24075.3,low volume — no participation,
2026-06-18,10:40:00,ANY,NO_SIGNAL,SKIPPED,24079.45,24100,0.0,24118.14,-0.16,43.5,94.09,24138.8,24075.3,low volume — no participation,
2026-06-18,10:45:00,ANY,NO_SIGNAL,SKIPPED,24077.2,24100,0.0,24113.96,-0.152,42.01,16.72,24138.8,24075.3,too close to VWAP,
2026-06-18,10:50:00,ANY,NO_SIGNAL,SKIPPED,24074.5,24050,0.0,24113.42,-0.161,41.83,3.85,24138.8,24075.3,low volume — no participation,
2026-06-18,10:55:00,ANY,NO_SIGNAL,SKIPPED,24084.95,24100,0.0,24112.99,-0.116,46.11,59.41,24138.8,24075.3,low volume — no participation,
2026-06-18,11:00:00,ANY,NO_SIGNAL,SKIPPED,24092.6,24100,0.0,24112.51,-0.083,49.0,51.43,24138.8,24075.3,low volume — no participation,
2026-06-18,11:05:00,ANY,NO_SIGNAL,SKIPPED,24085.15,24100,0.0,24112.35,-0.113,47.44,45.71,24138.8,24075.3,market is sideways,
2026-06-18,11:10:00,ANY,NO_SIGNAL,SKIPPED,24079.25,24100,0.0,24112.08,-0.136,46.43,21.14,24138.8,24075.3,low volume — no participation,
2026-06-18,11:15:00,ANY,NO_SIGNAL,SKIPPED,24066.25,24050,0.0,24111.14,-0.186,38.42,94.8,24138.8,24075.3,low volume — no participation,
2026-06-18,11:20:00,V1_BREAKOUT,BUY_PE,FIRED,24048.45,24050,143.7,24108.64,-0.25,34.6,73.06,24138.8,24075.3,,close=24052.2 < VWAP=24108.6 | EMA20=24093.2 down | RSI=34.6 | breakout: low 24052.1 < 24065.0
2026-06-18,12:05:00,ANY,NO_SIGNAL,SKIPPED,24088.55,24100,0.0,24100.12,-0.048,56.57,57.5,24138.8,24075.3,low volume — no participation,
2026-06-18,12:10:00,ANY,NO_SIGNAL,SKIPPED,24095.85,24100,0.0,24100.07,-0.018,58.18,28.92,24138.8,24075.3,low volume — no participation,
2026-06-18,12:15:00,ANY,NO_SIGNAL,SKIPPED,24088.2,24100,0.0,24099.92,-0.049,56.76,20.77,24138.8,24075.3,market is sideways,
2026-06-18,12:20:00,ANY,NO_SIGNAL,SKIPPED,24095.6,24100,0.0,24099.97,-0.018,61.18,58.79,24138.8,24075.3,market is sideways,
2026-06-18,12:25:00,ANY,NO_SIGNAL,SKIPPED,24100.95,24100,0.0,24100.05,0.004,61.51,8.26,24138.8,24075.3,low volume — no participation,
2026-06-18,12:30:00,ANY,BUY_CE,SKIPPED,24118.7,24100,0.0,24101.18,0.073,70.41,100.0,24138.8,24075.3,second entry blocked — first trade hit hard SL,
2026-06-18,12:35:00,ANY,NO_SIGNAL,SKIPPED,24130.85,24150,0.0,24102.36,0.118,71.01,10.55,24138.8,24075.3,no breakout,
2026-06-18,12:40:00,ANY,NO_SIGNAL,SKIPPED,24119.5,24100,0.0,24102.72,0.07,62.12,71.18,24138.8,24075.3,low volume — no participation,
2026-06-18,12:45:00,ANY,NO_SIGNAL,SKIPPED,24117.5,24100,0.0,24103.0,0.06,63.03,24.39,24138.8,24075.3,low volume — no participation,
2026-06-18,12:50:00,ANY,NO_SIGNAL,SKIPPED,24118.35,24100,0.0,24103.14,0.063,61.96,16.26,24138.8,24075.3,low volume — no participation,
2026-06-18,12:55:00,ANY,NO_SIGNAL,SKIPPED,24127.25,24150,0.0,24103.48,0.099,64.84,52.98,24138.8,24075.3,low volume — no participation,
2026-06-18,13:00:00,ANY,NO_SIGNAL,SKIPPED,24126.5,24150,0.0,24103.94,0.094,62.16,32.87,24138.8,24075.3,low volume — no participation,
2026-06-18,13:05:00,ANY,NO_SIGNAL,SKIPPED,24122.85,24100,0.0,24104.1,0.078,63.47,21.97,24138.8,24075.3,low volume — no participation,
2026-06-18,13:10:00,ANY,NO_SIGNAL,SKIPPED,24126.25,24150,0.0,24104.51,0.09,63.51,7.49,24138.8,24075.3,low volume — no participation,
2026-06-18,13:15:00,ANY,NO_SIGNAL,SKIPPED,24128.0,24150,0.0,24104.78,0.096,65.86,58.04,24138.8,24075.3,market is sideways,
2026-06-18,13:20:00,ANY,NO_SIGNAL,SKIPPED,24116.9,24100,0.0,24105.21,0.048,58.61,53.7,24138.8,24075.3,market is sideways,
2026-06-18,13:25:00,ANY,NO_SIGNAL,SKIPPED,24112.7,24100,0.0,24105.44,0.03,59.76,52.1,24138.8,24075.3,market is sideways,
2026-06-18,13:30:00,ANY,NO_SIGNAL,SKIPPED,24120.4,24100,0.0,24105.83,0.06,61.33,15.33,24138.8,24075.3,market is sideways,
2026-06-18,13:35:01,ANY,BUY_CE,SKIPPED,24123.75,24100,0.0,24107.01,0.069,67.27,75.23,24138.8,24075.3,second entry blocked — first trade hit hard SL,
2026-06-18,13:40:00,ANY,NO_SIGNAL,SKIPPED,24122.6,24100,0.0,24107.38,0.063,64.6,37.96,24138.8,24075.3,market is sideways,
2026-06-18,13:45:00,ANY,NO_SIGNAL,SKIPPED,24121.25,24100,0.0,24107.63,0.056,60.56,71.91,24138.8,24075.3,market is sideways,
2026-06-18,13:50:00,ANY,NO_SIGNAL,SKIPPED,24117.2,24100,0.0,24107.85,0.039,57.24,39.29,24138.8,24075.3,market is sideways,
2026-06-18,13:55:00,ANY,NO_SIGNAL,SKIPPED,24117.2,24100,0.0,24108.0,0.038,56.1,15.7,24138.8,24075.3,market is sideways,
2026-06-18,14:00:00,ANY,NO_SIGNAL,SKIPPED,24108.5,24100,0.0,24108.24,0.001,56.78,8.59,24138.8,24075.3,market is sideways,
2026-06-18,14:05:00,ANY,NO_SIGNAL,SKIPPED,24106.4,24100,0.0,24108.42,-0.008,50.43,81.4,24138.8,24075.3,market is sideways,
2026-06-18,14:10:00,ANY,NO_SIGNAL,SKIPPED,24095.4,24100,0.0,24108.53,-0.054,41.88,75.97,24138.8,24075.3,low volume — no participation,
2026-06-18,14:15:00,ANY,NO_SIGNAL,SKIPPED,24099.75,24100,0.0,24108.61,-0.037,48.15,61.11,24138.8,24075.3,market is sideways,
2026-06-18,14:20:00,ANY,NO_SIGNAL,SKIPPED,24089.75,24100,0.0,24108.63,-0.078,43.64,47.73,24138.8,24075.3,market is sideways,
2026-06-18,14:25:00,ANY,NO_SIGNAL,SKIPPED,24107.3,24100,0.0,24108.72,-0.006,50.62,49.0,24138.8,24075.3,market is sideways,
2026-06-18,14:30:00,ANY,NO_SIGNAL,SKIPPED,24090.65,24100,0.0,24108.71,-0.075,41.82,74.36,24138.8,24075.3,market is sideways,
2026-06-18,14:35:00,ANY,NO_SIGNAL,SKIPPED,24095.25,24100,0.0,24108.57,-0.055,45.18,33.63,24138.8,24075.3,market is sideways,
2026-06-18,14:40:00,ANY,NO_SIGNAL,SKIPPED,24097.75,24100,0.0,24108.57,-0.045,43.33,23.74,24138.8,24075.3,market is sideways,
2026-06-18,14:45:00,ANY,NO_SIGNAL,SKIPPED,24097.8,24100,0.0,24108.59,-0.045,48.4,75.82,24138.8,24075.3,market is sideways,
2026-06-18,14:50:00,ANY,NO_SIGNAL,SKIPPED,24083.95,24100,0.0,24108.6,-0.102,44.69,66.67,24138.8,24075.3,market is sideways,
2026-06-18,14:55:00,ANY,NO_SIGNAL,SKIPPED,24100.35,24100,0.0,24108.62,-0.034,49.14,58.89,24138.8,24075.3,market is sideways,
2026-06-18,15:00:00,ANY,NO_SIGNAL,SKIPPED,24120.2,24100,0.0,24109.16,0.046,59.68,92.49,24138.8,24075.3,market is sideways,
2026-06-18,15:05:00,ANY,NO_SIGNAL,SKIPPED,24150.75,24150,0.0,24113.03,0.156,67.12,58.91,24138.8,24075.3,market is sideways,
2026-06-18,15:10:00,ANY,BUY_CE,SKIPPED,24175.55,24200,0.0,24117.19,0.242,70.18,61.31,24138.8,24075.3,second entry blocked — first trade hit hard SL,
2026-06-18,15:15:00,ANY,NO_SIGNAL,SKIPPED,24177.45,24200,0.0,24121.41,0.232,70.92,5.88,24138.8,24075.3,no breakout,
2026-06-18,15:20:00,ANY,NO_SIGNAL,SKIPPED,24183.3,24200,0.0,24123.58,0.248,66.8,58.67,24138.8,24075.3,no breakout,
2026-06-18,15:25:00,ANY,BUY_CE,SKIPPED,24182.05,24200,0.0,24126.59,0.23,69.49,78.98,24138.8,24075.3,regime: close 24205.0 did not clear swing-high 24207.0 by 0.02%,
2026-06-18,15:30:00,ANY,NO_SIGNAL,SKIPPED,24179.4,24200,0.0,24130.72,0.202,69.68,8.4,24138.8,24075.3,no breakout,
2026-06-19,09:20:00,ANY,NO_SIGNAL,SKIPPED,23980.9,24000,0.0,24018.5,-0.157,31.11,24.69,,,market is sideways,
2026-06-19,09:25:00,ANY,NO_SIGNAL,SKIPPED,23963.55,23950,0.0,24017.47,-0.225,28.86,100.0,,,low volume — no participation,
2026-06-19,09:30:00,ANY,NO_SIGNAL,SKIPPED,23955.95,23950,0.0,24012.37,-0.235,27.94,35.86,,,low volume — no participation,
2026-06-19,09:35:00,ANY,NO_SIGNAL,SKIPPED,23950.05,23950,0.0,24009.23,-0.246,26.89,55.5,,,low volume — no participation,
2026-06-19,09:40:00,ANY,NO_SIGNAL,SKIPPED,23970.4,23950,0.0,24008.56,-0.159,31.15,79.3,24033.0,23980.0,low volume — no participation,
2026-06-19,09:45:00,ANY,NO_SIGNAL,SKIPPED,23975.1,24000,0.0,24008.54,-0.139,32.01,20.86,24033.0,23980.0,low volume — no participation,
2026-06-19,09:50:00,ANY,NO_SIGNAL,SKIPPED,23976.55,24000,0.0,24008.78,-0.134,35.36,57.39,24033.0,23980.0,low volume — no participation,
2026-06-19,09:55:00,ANY,NO_SIGNAL,SKIPPED,23986.25,24000,0.0,24009.19,-0.096,35.77,10.46,24033.0,23980.0,low volume — no participation,
2026-06-19,10:00:00,ANY,NO_SIGNAL,SKIPPED,23987.25,24000,0.0,24009.49,-0.093,36.81,29.23,24033.0,23980.0,low volume — no participation,
2026-06-19,10:05:00,ANY,NO_SIGNAL,SKIPPED,23973.5,23950,0.0,24009.55,-0.15,34.16,68.0,24033.0,23980.0,market is sideways,
2026-06-19,10:10:00,ANY,NO_SIGNAL,SKIPPED,23991.55,24000,0.0,24009.89,-0.076,39.74,82.19,24033.0,23980.0,market is sideways,
2026-06-19,10:15:00,ANY,NO_SIGNAL,SKIPPED,24010.05,24000,0.0,24011.17,-0.005,43.94,72.61,24033.0,23980.0,market is sideways,
2026-06-19,10:20:00,ANY,NO_SIGNAL,SKIPPED,23992.7,24000,0.0,24012.18,-0.081,41.51,53.69,24033.0,23980.0,market is sideways,
2026-06-19,10:25:00,ANY,NO_SIGNAL,SKIPPED,23982.35,24000,0.0,24012.32,-0.125,38.53,85.35,24033.0,23980.0,market is sideways,
2026-06-19,10:30:00,ANY,NO_SIGNAL,SKIPPED,23966.9,23950,0.0,24011.98,-0.188,35.34,97.12,24033.0,23980.0,market is sideways,
2026-06-19,10:35:00,ANY,NO_SIGNAL,SKIPPED,23960.75,23950,0.0,24011.75,-0.212,36.66,29.33,24033.0,23980.0,market is sideways,
2026-06-19,10:40:00,ANY,NO_SIGNAL,SKIPPED,23969.35,23950,0.0,24011.66,-0.176,40.09,100.0,24033.0,23980.0,market is sideways,
2026-06-19,10:45:00,ANY,NO_SIGNAL,SKIPPED,23970.7,23950,0.0,24011.63,-0.17,39.9,5.35,24033.0,23980.0,market is sideways,
2026-06-19,10:50:00,ANY,NO_SIGNAL,SKIPPED,23957.4,23950,0.0,24011.56,-0.226,37.72,94.89,24033.0,23980.0,market is sideways,
2026-06-19,10:55:00,ANY,NO_SIGNAL,SKIPPED,23947.2,23950,0.0,24011.11,-0.266,35.84,54.1,24033.0,23980.0,market is sideways,
2026-06-19,11:00:00,ANY,NO_SIGNAL,SKIPPED,23944.8,23950,0.0,24010.11,-0.272,34.89,27.03,24033.0,23980.0,too close to VWAP,
2026-06-19,11:05:00,ANY,NO_SIGNAL,SKIPPED,23945.4,23950,0.0,24009.6,-0.267,35.77,24.0,24033.0,23980.0,low volume — no participation,
2026-06-19,11:10:01,ANY,NO_SIGNAL,SKIPPED,23955.2,23950,0.0,24009.14,-0.225,38.59,50.67,24033.0,23980.0,market is sideways,
2026-06-19,11:15:00,ANY,NO_SIGNAL,SKIPPED,23964.45,23950,0.0,24009.01,-0.186,43.05,70.39,24033.0,23980.0,market is sideways,
2026-06-19,11:20:00,ANY,NO_SIGNAL,SKIPPED,23960.9,23950,0.0,24008.84,-0.2,42.37,13.64,24033.0,23980.0,market is sideways,
2026-06-19,11:25:00,ANY,NO_SIGNAL,SKIPPED,23949.0,23950,0.0,24008.73,-0.249,38.56,93.75,24033.0,23980.0,low volume — no participation,
2026-06-19,11:30:00,ANY,NO_SIGNAL,SKIPPED,23952.7,23950,0.0,24008.62,-0.233,41.93,64.29,24033.0,23980.0,market is sideways,
2026-06-19,11:35:00,ANY,NO_SIGNAL,SKIPPED,23960.5,23950,0.0,24008.42,-0.2,44.8,29.26,24033.0,23980.0,market is sideways,
2026-06-19,11:40:00,ANY,NO_SIGNAL,SKIPPED,23955.35,23950,0.0,24008.23,-0.22,43.85,13.11,24033.0,23980.0,too close to VWAP,
2026-06-19,11:45:00,ANY,NO_SIGNAL,SKIPPED,23954.55,23950,0.0,24008.18,-0.223,42.94,18.07,24033.0,23980.0,low volume — no participation,
2026-06-19,11:50:00,ANY,NO_SIGNAL,SKIPPED,23944.7,23950,0.0,24007.87,-0.263,38.15,89.84,24033.0,23980.0,market is sideways,
2026-06-19,11:55:00,ANY,NO_SIGNAL,SKIPPED,23945.15,23950,0.0,24007.7,-0.261,37.27,18.44,24033.0,23980.0,low volume — no participation,
2026-06-19,12:00:00,ANY,NO_SIGNAL,SKIPPED,23955.1,23950,0.0,24007.58,-0.219,42.7,84.0,24033.0,23980.0,low volume — no participation,
2026-06-19,12:05:00,ANY,NO_SIGNAL,SKIPPED,23953.1,23950,0.0,24007.5,-0.227,42.64,0.93,24033.0,23980.0,market is sideways,
2026-06-19,12:10:00,ANY,NO_SIGNAL,SKIPPED,23950.9,23950,0.0,24007.42,-0.235,41.68,29.0,24033.0,23980.0,market is sideways,
2026-06-19,12:15:00,ANY,NO_SIGNAL,SKIPPED,23959.65,23950,0.0,24007.38,-0.199,46.14,58.58,24033.0,23980.0,market is sideways,
2026-06-19,12:20:00,ANY,NO_SIGNAL,SKIPPED,23955.3,23950,0.0,24007.34,-0.217,48.13,32.17,24033.0,23980.0,market is sideways,
2026-06-19,12:25:00,ANY,NO_SIGNAL,SKIPPED,23964.85,23950,0.0,24007.34,-0.177,50.36,40.0,24033.0,23980.0,market is sideways,
2026-06-19,12:30:00,ANY,NO_SIGNAL,SKIPPED,23969.25,23950,0.0,24007.55,-0.16,54.9,62.22,24033.0,23980.0,too close to VWAP,
2026-06-19,12:35:00,ANY,NO_SIGNAL,SKIPPED,23965.55,23950,0.0,24007.6,-0.175,52.74,42.34,24033.0,23980.0,low volume — no participation,
2026-06-19,12:40:00,ANY,NO_SIGNAL,SKIPPED,23965.15,23950,0.0,24007.61,-0.177,49.86,47.76,24033.0,23980.0,low volume — no participation,
2026-06-19,12:45:00,ANY,NO_SIGNAL,SKIPPED,23951.35,23950,0.0,24006.49,-0.23,39.7,53.55,24033.0,23980.0,market is sideways,
2026-06-19,12:50:00,ANY,NO_SIGNAL,SKIPPED,23954.5,23950,0.0,24006.16,-0.215,44.06,41.42,24033.0,23980.0,market is sideways,
2026-06-19,12:55:00,ANY,NO_SIGNAL,SKIPPED,23949.9,23950,0.0,24005.99,-0.234,41.76,85.71,24033.0,23980.0,market is sideways,
2026-06-19,13:00:00,ANY,NO_SIGNAL,SKIPPED,23937.9,23950,0.0,24005.57,-0.282,38.09,43.14,24033.0,23980.0,low volume — no participation,
2026-06-19,13:05:00,V1_BREAKOUT,BUY_PE,FIRED,23917.35,23900,102.55,24004.32,-0.362,34.18,67.44,24033.0,23980.0,,close=23958.5 < VWAP=24004.3 | EMA20=23994.5 down | RSI=34.2 | breakout: low 23958.5 < 23964.5
2026-06-19,13:45:00,ANY,NO_SIGNAL,SKIPPED,23947.15,23950,0.0,24000.72,-0.223,52.06,72.99,24033.0,23980.0,low volume — no participation,
2026-06-19,13:50:00,ANY,NO_SIGNAL,SKIPPED,23960.75,23950,0.0,24000.69,-0.166,55.31,52.0,24033.0,23980.0,low volume — no participation,
2026-06-19,13:55:00,ANY,NO_SIGNAL,SKIPPED,23946.4,23950,0.0,24000.65,-0.226,52.25,51.82,24033.0,23980.0,market is sideways,
2026-06-19,14:00:00,ANY,NO_SIGNAL,SKIPPED,23966.85,23950,0.0,24000.69,-0.141,56.89,64.39,24033.0,23980.0,market is sideways,
2026-06-19,14:05:00,ANY,NO_SIGNAL,SKIPPED,23976.35,24000,0.0,24000.93,-0.102,59.92,36.54,24033.0,23980.0,market is sideways,
2026-06-19,14:10:00,ANY,NO_SIGNAL,SKIPPED,23971.75,23950,0.0,24001.7,-0.125,62.14,3.68,24033.0,23980.0,market is sideways,
2026-06-19,14:15:00,ANY,NO_SIGNAL,SKIPPED,23990.6,24000,0.0,24002.11,-0.048,64.84,41.3,24033.0,23980.0,low volume — no participation,
2026-06-19,14:20:00,ANY,NO_SIGNAL,SKIPPED,23998.1,24000,0.0,24002.73,-0.019,65.35,10.47,24033.0,23980.0,too close to VWAP,
2026-06-19,14:25:00,ANY,NO_SIGNAL,SKIPPED,23961.15,23950,0.0,24002.95,-0.174,52.76,87.37,24033.0,23980.0,market is sideways,
2026-06-19,14:30:00,ANY,NO_SIGNAL,SKIPPED,23958.2,23950,0.0,24003.1,-0.187,54.98,37.23,24033.0,23980.0,market is sideways,
2026-06-19,14:35:00,ANY,NO_SIGNAL,SKIPPED,23972.25,23950,0.0,24003.39,-0.13,55.99,26.09,24033.0,23980.0,market is sideways,
2026-06-19,14:40:00,ANY,NO_SIGNAL,SKIPPED,23979.65,24000,0.0,24003.78,-0.101,57.53,16.36,24033.0,23980.0,low volume — no participation,
2026-06-19,14:45:00,ANY,NO_SIGNAL,SKIPPED,23972.9,23950,0.0,24003.91,-0.129,55.89,58.94,24033.0,23980.0,market is sideways,
2026-06-19,14:50:01,ANY,NO_SIGNAL,SKIPPED,23976.25,24000,0.0,24004.03,-0.116,57.64,28.48,24033.0,23980.0,market is sideways,
2026-06-19,14:55:00,ANY,NO_SIGNAL,SKIPPED,23929.65,23950,0.0,24003.81,-0.309,40.75,86.23,24033.0,23980.0,too close to VWAP,
2026-06-19,15:00:00,ANY,NO_SIGNAL,SKIPPED,23910.5,23900,0.0,24001.68,-0.38,35.0,71.29,24033.0,23980.0,no breakout,
2026-06-19,15:05:01,ANY,NO_SIGNAL,SKIPPED,24005.65,24000,0.0,24003.04,0.011,59.59,90.91,24033.0,23980.0,market is sideways,
2026-06-19,15:10:00,ANY,NO_SIGNAL,SKIPPED,24021.7,24000,0.0,24005.66,0.067,61.64,28.3,24033.0,23980.0,market is sideways,
2026-06-19,15:15:01,ANY,NO_SIGNAL,SKIPPED,24025.8,24050,0.0,24007.36,0.077,61.37,10.8,24033.0,23980.0,market is sideways,
2026-06-19,15:20:00,ANY,NO_SIGNAL,SKIPPED,24028.35,24050,0.0,24008.64,0.082,62.94,37.19,24033.0,23980.0,low volume — no participation,
2026-06-19,15:25:00,ANY,NO_SIGNAL,SKIPPED,24034.2,24050,0.0,24010.48,0.099,62.95,3.57,24033.0,23980.0,market is sideways,
2026-06-19,15:30:01,ANY,NO_SIGNAL,SKIPPED,24042.7,24050,0.0,24012.63,0.125,63.88,33.33,24033.0,23980.0,no breakout,
2026-06-23,09:20:00,ANY,NO_SIGNAL,SKIPPED,24076.05,24100,0.0,24089.53,-0.056,29.21,16.62,,,too close to VWAP,
2026-06-23,09:25:00,ANY,NO_SIGNAL,SKIPPED,24087.2,24100,0.0,24093.87,-0.028,34.98,49.73,,,low volume — no participation,
2026-06-23,09:30:00,ANY,NO_SIGNAL,SKIPPED,24089.85,24100,0.0,24094.86,-0.021,33.47,37.8,,,low volume — no participation,
2026-06-23,09:35:00,ANY,NO_SIGNAL,SKIPPED,24102.95,24100,0.0,24097.7,0.022,44.12,63.0,,,market is sideways,
2026-06-23,09:40:00,ANY,NO_SIGNAL,SKIPPED,24124.9,24100,0.0,24103.72,0.088,51.91,68.4,24120.0,24070.0,market is sideways,
2026-06-23,09:45:00,ANY,NO_SIGNAL,SKIPPED,24114.7,24100,0.0,24106.77,0.033,50.67,15.15,24120.0,24070.0,market is sideways,
2026-06-23,09:50:00,ANY,NO_SIGNAL,SKIPPED,24119.85,24100,0.0,24111.22,0.036,52.7,35.21,24120.0,24070.0,market is sideways,
2026-06-23,09:55:00,ANY,NO_SIGNAL,SKIPPED,24126.25,24150,0.0,24114.02,0.051,54.78,77.16,24120.0,24070.0,market is sideways,
2026-06-23,10:00:00,ANY,NO_SIGNAL,SKIPPED,24131.3,24150,0.0,24117.03,0.059,53.61,14.46,24120.0,24070.0,market is sideways,
2026-06-23,10:05:00,ANY,NO_SIGNAL,SKIPPED,24124.9,24100,0.0,24118.21,0.028,55.82,27.37,24120.0,24070.0,low volume — no participation,
2026-06-23,10:10:00,ANY,NO_SIGNAL,SKIPPED,24127.1,24150,0.0,24119.79,0.03,56.59,8.96,24120.0,24070.0,low volume — no participation,
2026-06-23,10:15:00,ANY,NO_SIGNAL,SKIPPED,24123.45,24100,0.0,24121.72,0.007,54.1,32.59,24120.0,24070.0,low volume — no participation,
2026-06-23,10:20:00,ANY,NO_SIGNAL,SKIPPED,24126.2,24150,0.0,24122.36,0.016,52.42,43.93,24120.0,24070.0,low volume — no participation,
2026-06-23,10:25:00,ANY,NO_SIGNAL,SKIPPED,24120.05,24100,0.0,24123.18,-0.013,51.04,50.0,24120.0,24070.0,market is sideways,
2026-06-23,10:30:00,ANY,NO_SIGNAL,SKIPPED,24112.3,24100,0.0,24123.91,-0.048,44.42,57.0,24120.0,24070.0,market is sideways,
2026-06-23,10:35:01,ANY,NO_SIGNAL,SKIPPED,24111.45,24100,0.0,24124.22,-0.053,51.23,79.38,24120.0,24070.0,market is sideways,
2026-06-23,10:40:00,ANY,NO_SIGNAL,SKIPPED,24113.75,24100,0.0,24124.49,-0.045,51.23,0.0,24120.0,24070.0,market is sideways,
2026-06-23,10:45:00,ANY,NO_SIGNAL,SKIPPED,24106.2,24100,0.0,24124.81,-0.077,46.12,58.24,24120.0,24070.0,low volume — no participation,
2026-06-23,10:50:00,ANY,NO_SIGNAL,SKIPPED,24100.95,24100,0.0,24124.89,-0.099,43.04,43.93,24120.0,24070.0,low volume — no participation,
2026-06-23,10:55:00,ANY,NO_SIGNAL,SKIPPED,24098.7,24100,0.0,24124.98,-0.109,46.81,41.14,24120.0,24070.0,market is sideways,
2026-06-23,11:00:00,ANY,NO_SIGNAL,SKIPPED,24093.85,24100,0.0,24125.0,-0.129,45.32,14.35,24120.0,24070.0,market is sideways,
2026-06-23,11:05:00,ANY,NO_SIGNAL,SKIPPED,24096.8,24100,0.0,24124.86,-0.116,45.94,4.63,24120.0,24070.0,market is sideways,
2026-06-23,11:10:00,ANY,NO_SIGNAL,SKIPPED,24101.85,24100,0.0,24124.86,-0.095,46.2,3.01,24120.0,24070.0,market is sideways,
2026-06-23,11:15:00,ANY,NO_SIGNAL,SKIPPED,24112.95,24100,0.0,24124.95,-0.05,52.13,47.03,24120.0,24070.0,market is sideways,
2026-06-23,11:20:00,ANY,NO_SIGNAL,SKIPPED,24126.0,24150,0.0,24125.23,0.003,50.43,1.54,24120.0,24070.0,market is sideways,
2026-06-23,11:25:00,ANY,NO_SIGNAL,SKIPPED,24121.65,24100,0.0,24125.45,-0.016,55.22,49.23,24120.0,24070.0,market is sideways,
2026-06-23,11:30:00,ANY,NO_SIGNAL,SKIPPED,24112.45,24100,0.0,24125.64,-0.055,49.9,46.67,24120.0,24070.0,market is sideways,
2026-06-23,11:35:00,ANY,NO_SIGNAL,SKIPPED,24102.35,24100,0.0,24125.68,-0.097,43.94,81.48,24120.0,24070.0,market is sideways,
2026-06-23,11:40:00,ANY,NO_SIGNAL,SKIPPED,24099.25,24100,0.0,24125.68,-0.11,46.02,27.73,24120.0,24070.0,market is sideways,
2026-06-23,11:45:00,ANY,NO_SIGNAL,SKIPPED,24082.95,24100,0.0,24125.26,-0.175,41.31,40.34,24120.0,24070.0,market is sideways,
2026-06-23,11:50:00,V1_BREAKOUT,BUY_PE,FIRED,24020.9,24000,120.2,24117.11,-0.399,23.47,86.5,24120.0,24070.0,,close=24053.1 < VWAP=24117.1 | EMA20=24124.0 down | RSI=23.5 | breakout: low 24050.0 < 24104.0
2026-06-23,12:05:00,ANY,BUY_PE,SKIPPED,23970.35,23950,0.0,24096.99,-0.526,16.65,64.94,24120.0,24070.0,regime: close 24001.0 did not clear swing-low 24003.0 by 0.02%,
2026-06-23,12:10:00,ANY,NO_SIGNAL,SKIPPED,23966.05,23950,0.0,24092.43,-0.525,20.54,25.67,24120.0,24070.0,low volume — no participation,
2026-06-23,12:15:00,ANY,NO_SIGNAL,SKIPPED,23965.15,23950,0.0,24090.82,-0.522,19.83,22.73,24120.0,24070.0,low volume — no participation,
2026-06-23,12:20:00,ANY,NO_SIGNAL,SKIPPED,23965.25,23950,0.0,24088.87,-0.513,19.28,4.24,24120.0,24070.0,low volume — no participation,
2026-06-23,12:25:00,V1_BREAKOUT,BUY_PE,FIRED,23921.95,23900,142.8,24080.16,-0.657,15.43,64.05,24120.0,24070.0,,close=23963.9 < VWAP=24080.2 | EMA20=24062.5 down | RSI=15.4 | breakout: low 23950.0 < 23989.0
2026-06-23,13:45:00,ANY,NO_SIGNAL,SKIPPED,23893.2,23900,0.0,24042.26,-0.62,33.58,72.35,24120.0,24070.0,market is sideways,
2026-06-23,13:50:00,ANY,NO_SIGNAL,SKIPPED,23892.6,23900,0.0,24040.63,-0.616,33.62,56.28,24120.0,24070.0,market is sideways,
2026-06-23,13:55:00,ANY,NO_SIGNAL,SKIPPED,23876.3,23900,0.0,24037.91,-0.672,29.46,62.4,24120.0,24070.0,low volume — no participation,
2026-06-23,14:00:00,ANY,NO_SIGNAL,SKIPPED,23869.15,23850,0.0,24036.12,-0.695,28.67,18.99,24120.0,24070.0,low volume — no participation,
2026-06-23,14:05:00,ANY,NO_SIGNAL,SKIPPED,23894.35,23900,0.0,24034.53,-0.583,38.29,84.38,24120.0,24070.0,market is sideways,
2026-06-23,14:10:00,ANY,NO_SIGNAL,SKIPPED,23888.75,23900,0.0,24032.95,-0.6,36.9,28.11,24120.0,24070.0,low volume — no participation,
2026-06-23,14:15:00,ANY,NO_SIGNAL,SKIPPED,23912.55,23900,0.0,24030.84,-0.492,44.08,54.29,24120.0,24070.0,market is sideways,
2026-06-23,14:20:00,ANY,NO_SIGNAL,SKIPPED,23897.8,23900,0.0,24029.83,-0.549,40.32,68.63,24120.0,24070.0,market is sideways,
2026-06-23,14:25:00,ANY,NO_SIGNAL,SKIPPED,23918.45,23900,0.0,24028.99,-0.46,46.37,60.34,24120.0,24070.0,low volume — no participation,
2026-06-23,14:30:00,ANY,NO_SIGNAL,SKIPPED,23916.95,23900,0.0,24028.4,-0.464,44.78,46.67,24120.0,24070.0,market is sideways,
2026-06-23,14:35:00,ANY,NO_SIGNAL,SKIPPED,23915.0,23900,0.0,24027.91,-0.47,46.2,27.62,24120.0,24070.0,market is sideways,
2026-06-23,14:40:00,ANY,NO_SIGNAL,SKIPPED,23911.6,23900,0.0,24027.27,-0.481,42.65,68.18,24120.0,24070.0,low volume — no participation,
2026-06-23,14:45:00,ANY,NO_SIGNAL,SKIPPED,23927.3,23950,0.0,24026.01,-0.411,50.79,59.0,24120.0,24070.0,no breakout,
2026-06-23,14:50:00,ANY,NO_SIGNAL,SKIPPED,23921.75,23900,0.0,24024.98,-0.43,47.18,45.87,24120.0,24070.0,market is sideways,
2026-06-23,14:55:00,ANY,NO_SIGNAL,SKIPPED,23922.1,23900,0.0,24024.23,-0.425,46.64,13.37,24120.0,24070.0,market is sideways,
2026-06-23,15:00:00,ANY,NO_SIGNAL,SKIPPED,23916.35,23900,0.0,24023.69,-0.447,45.6,19.72,24120.0,24070.0,market is sideways,
2026-06-23,15:05:00,ANY,NO_SIGNAL,SKIPPED,23833.95,23850,0.0,24016.02,-0.758,32.47,86.24,24120.0,24070.0,no breakout,
2026-06-23,15:10:00,ANY,NO_SIGNAL,SKIPPED,23843.75,23850,0.0,24012.09,-0.701,36.79,44.76,24120.0,24070.0,no breakout,
2026-06-23,15:15:00,ANY,BUY_PE,SKIPPED,23827.7,23850,0.0,24007.97,-0.751,34.33,78.98,24120.0,24070.0,regime: close 23862.1 did not clear swing-low 23851.7 by 0.02%,
2026-06-23,15:20:00,ANY,BUY_PE,SKIPPED,23807.45,23800,0.0,23999.31,-0.799,31.55,61.87,24120.0,24070.0,max trades for the day reached,
2026-06-23,15:25:00,ANY,BUY_PE,SKIPPED,23795.85,23800,0.0,23992.78,-0.821,29.7,61.11,24120.0,24070.0,max trades for the day reached,
2026-06-23,15:30:00,ANY,BUY_PE,SKIPPED,23794.45,23800,0.0,23985.13,-0.795,27.49,87.34,24120.0,24070.0,max trades for the day reached,
2026-06-24,09:20:00,ANY,NO_SIGNAL,SKIPPED,23847.95,23850,0.0,23858.57,-0.045,43.25,74.16,,,market is sideways,
2026-06-24,09:25:00,ANY,NO_SIGNAL,SKIPPED,23866.3,23850,0.0,23866.02,0.001,44.33,16.09,,,low volume — no participation,
2026-06-24,09:30:00,ANY,NO_SIGNAL,SKIPPED,23879.6,23900,0.0,23873.36,0.026,47.83,60.1,,,market is sideways,
2026-06-24,09:35:00,ANY,NO_SIGNAL,SKIPPED,23870.15,23850,0.0,23875.43,-0.022,44.69,69.6,,,market is sideways,
2026-06-24,09:40:00,ANY,NO_SIGNAL,SKIPPED,23879.45,23900,0.0,23876.39,0.013,46.45,30.45,23899.0,23815.2,market is sideways,
2026-06-24,09:45:00,ANY,NO_SIGNAL,SKIPPED,23867.05,23850,0.0,23876.18,-0.038,43.15,53.78,23899.0,23815.2,market is sideways,
2026-06-24,09:50:00,ANY,NO_SIGNAL,SKIPPED,23819.35,23800,0.0,23870.16,-0.213,36.23,87.72,23899.0,23815.2,market is sideways,
2026-06-24,09:55:00,ANY,NO_SIGNAL,SKIPPED,23826.4,23850,0.0,23863.98,-0.157,37.69,22.68,23899.0,23815.2,market is sideways,
2026-06-24,10:00:00,ANY,NO_SIGNAL,SKIPPED,23844.05,23850,0.0,23861.85,-0.075,41.85,62.02,23899.0,23815.2,market is sideways,
2026-06-24,10:05:00,ANY,NO_SIGNAL,SKIPPED,23892.3,23900,0.0,23865.38,0.113,52.06,74.34,23899.0,23815.2,market is sideways,
2026-06-24,10:10:00,ANY,NO_SIGNAL,SKIPPED,23909.15,23900,0.0,23869.12,0.168,55.05,71.76,23899.0,23815.2,market is sideways,
2026-06-24,10:15:00,ANY,NO_SIGNAL,SKIPPED,23917.75,23900,0.0,23873.49,0.185,55.95,32.94,23899.0,23815.2,market is sideways,
2026-06-24,10:20:00,ANY,NO_SIGNAL,SKIPPED,23917.6,23900,0.0,23876.66,0.171,55.84,0.45,23899.0,23815.2,market is sideways,
2026-06-24,10:25:00,ANY,BUY_CE,SKIPPED,23945.5,23950,0.0,23883.02,0.262,61.11,82.46,23899.0,23815.2,before entry window (11:00),
2026-06-24,10:30:00,ANY,NO_SIGNAL,SKIPPED,23947.75,23950,0.0,23898.23,0.207,61.39,6.33,23899.0,23815.2,no breakout,
2026-06-24,10:35:00,ANY,NO_SIGNAL,SKIPPED,23952.35,23950,0.0,23901.95,0.211,62.03,8.6,23899.0,23815.2,low volume — no participation,
2026-06-24,10:40:00,ANY,NO_SIGNAL,SKIPPED,23946.05,23950,0.0,23903.38,0.179,61.89,2.62,23899.0,23815.2,low volume — no participation,
2026-06-24,10:45:00,ANY,NO_SIGNAL,SKIPPED,23934.6,23950,0.0,23904.39,0.126,58.5,58.37,23899.0,23815.2,low volume — no participation,
2026-06-24,10:50:00,ANY,NO_SIGNAL,SKIPPED,23947.9,23950,0.0,23906.18,0.175,61.79,57.93,23899.0,23815.2,low volume — no participation,
2026-06-24,10:55:00,ANY,NO_SIGNAL,SKIPPED,23943.15,23950,0.0,23907.18,0.15,59.23,59.21,23899.0,23815.2,low volume — no participation,
2026-06-24,11:00:00,ANY,NO_SIGNAL,SKIPPED,23952.85,23950,0.0,23908.39,0.186,62.03,66.82,23899.0,23815.2,low volume — no participation,
2026-06-24,11:05:01,ANY,NO_SIGNAL,SKIPPED,23964.7,23950,0.0,23912.03,0.22,63.85,52.0,23899.0,23815.2,low volume — no participation,
2026-06-24,11:10:00,ANY,NO_SIGNAL,SKIPPED,23987.55,24000,0.0,23914.31,0.306,66.41,51.19,23899.0,23815.2,low volume — no participation,
2026-06-24,11:15:00,ANY,NO_SIGNAL,SKIPPED,23986.05,24000,0.0,23916.48,0.291,66.41,17.39,23899.0,23815.2,low volume — no participation,
2026-06-24,11:20:00,ANY,NO_SIGNAL,SKIPPED,23971.9,23950,0.0,23917.98,0.225,60.69,77.13,23899.0,23815.2,market is sideways,
2026-06-24,11:25:00,ANY,NO_SIGNAL,SKIPPED,23975.5,24000,0.0,23919.18,0.235,62.16,59.02,23899.0,23815.2,low volume — no participation,
2026-06-24,11:30:00,ANY,NO_SIGNAL,SKIPPED,23975.2,24000,0.0,23920.97,0.227,61.26,36.11,23899.0,23815.2,low volume — no participation,
2026-06-24,11:35:00,ANY,NO_SIGNAL,SKIPPED,23976.0,24000,0.0,23922.51,0.224,61.65,8.46,23899.0,23815.2,market is sideways,
2026-06-24,11:40:00,ANY,NO_SIGNAL,SKIPPED,23983.35,24000,0.0,23924.0,0.248,63.79,60.78,23899.0,23815.2,low volume — no participation,
2026-06-24,11:45:00,V1_BREAKOUT,BUY_CE,FIRED,24006.8,24000,159.2,23926.75,0.335,68.74,65.26,23899.0,23815.2,,close=24018.0 > VWAP=23926.8 | EMA20=23964.7 up | RSI=68.7 | breakout: high 24023.0 > 23997.0
2026-06-24,14:00:00,ANY,NO_SIGNAL,SKIPPED,24055.8,24050,0.0,23976.31,0.332,59.9,65.0,23899.0,23815.2,market is sideways,
2026-06-24,14:05:00,ANY,NO_SIGNAL,SKIPPED,24042.15,24050,0.0,23978.22,0.267,55.55,44.72,23899.0,23815.2,market is sideways,
2026-06-24,14:10:00,ANY,NO_SIGNAL,SKIPPED,24042.65,24050,0.0,23979.56,0.263,55.52,0.32,23899.0,23815.2,market is sideways,
2026-06-24,14:15:00,ANY,NO_SIGNAL,SKIPPED,24056.6,24050,0.0,23980.87,0.316,58.15,36.68,23899.0,23815.2,market is sideways,
2026-06-24,14:20:00,ANY,NO_SIGNAL,SKIPPED,24058.05,24050,0.0,23981.87,0.318,59.14,8.88,23899.0,23815.2,market is sideways,
2026-06-24,14:25:00,ANY,NO_SIGNAL,SKIPPED,24054.3,24050,0.0,23982.93,0.298,57.87,12.5,23899.0,23815.2,market is sideways,
2026-06-24,14:30:00,ANY,NO_SIGNAL,SKIPPED,24054.85,24050,0.0,23983.89,0.296,60.98,41.15,23899.0,23815.2,market is sideways,
2026-06-24,14:35:00,ANY,NO_SIGNAL,SKIPPED,24050.75,24050,0.0,23984.43,0.277,51.92,81.03,23899.0,23815.2,low volume — no participation,
2026-06-24,14:40:00,ANY,NO_SIGNAL,SKIPPED,24040.2,24050,0.0,23985.13,0.23,48.28,47.84,23899.0,23815.2,low volume — no participation,
2026-06-24,14:45:00,ANY,NO_SIGNAL,SKIPPED,24053.1,24050,0.0,23986.02,0.28,53.73,45.98,23899.0,23815.2,market is sideways,
2026-06-24,14:50:00,ANY,NO_SIGNAL,SKIPPED,24046.95,24050,0.0,23987.32,0.249,50.42,28.17,23899.0,23815.2,market is sideways,
2026-06-24,14:55:00,ANY,NO_SIGNAL,SKIPPED,24062.1,24050,0.0,23988.48,0.307,55.07,57.91,23899.0,23815.2,market is sideways,
2026-06-24,15:00:00,ANY,NO_SIGNAL,SKIPPED,24050.2,24050,0.0,23989.47,0.253,55.19,1.21,23899.0,23815.2,market is sideways,
2026-06-24,15:05:00,ANY,NO_SIGNAL,SKIPPED,24035.2,24050,0.0,23990.38,0.187,51.73,25.13,23899.0,23815.2,market is sideways,
2026-06-24,15:10:00,ANY,NO_SIGNAL,SKIPPED,24027.55,24050,0.0,23991.21,0.151,50.84,13.18,23899.0,23815.2,market is sideways,
2026-06-24,15:15:00,ANY,NO_SIGNAL,SKIPPED,24007.15,24000,0.0,23992.08,0.063,45.93,48.98,23899.0,23815.2,no breakout,
2026-06-24,15:20:00,ANY,NO_SIGNAL,SKIPPED,24010.65,24000,0.0,23993.01,0.074,48.21,12.2,23899.0,23815.2,market is sideways,
2026-06-24,15:25:00,ANY,NO_SIGNAL,SKIPPED,24017.85,24000,0.0,23993.88,0.1,53.73,55.84,23899.0,23815.2,market is sideways,
2026-06-24,15:30:00,ANY,NO_SIGNAL,SKIPPED,24011.4,24000,0.0,23994.77,0.069,50.03,63.19,23899.0,23815.2,market is sideways,
2026-06-25,09:20:00,ANY,NO_SIGNAL,SKIPPED,24132.65,24150,0.0,24130.73,0.008,66.11,8.0,,,too close to VWAP,
2026-06-25,09:25:00,ANY,NO_SIGNAL,SKIPPED,24156.35,24150,0.0,24140.13,0.067,69.71,70.0,,,too close to VWAP,
2026-06-25,09:30:00,ANY,NO_SIGNAL,SKIPPED,24149.15,24150,0.0,24143.81,0.022,67.35,26.76,,,too close to VWAP,
2026-06-25,09:35:00,ANY,NO_SIGNAL,SKIPPED,24143.25,24150,0.0,24143.35,-0.0,66.32,10.17,,,market is sideways,
2026-06-25,09:40:00,ANY,NO_SIGNAL,SKIPPED,24145.6,24150,0.0,24143.37,0.009,67.09,26.22,24170.0,24112.5,market is sideways,
2026-06-25,09:45:00,ANY,NO_SIGNAL,SKIPPED,24141.25,24150,0.0,24143.24,-0.008,65.96,26.32,24170.0,24112.5,market is sideways,
2026-06-25,09:50:00,ANY,NO_SIGNAL,SKIPPED,24165.85,24150,0.0,24146.07,0.082,70.91,95.89,24170.0,24112.5,market is sideways,
2026-06-25,09:55:00,ANY,NO_SIGNAL,SKIPPED,24172.35,24150,0.0,24151.61,0.086,73.1,43.15,24170.0,24112.5,too close to VWAP,
2026-06-25,10:00:00,ANY,NO_SIGNAL,SKIPPED,24176.65,24200,0.0,24153.68,0.095,73.1,35.0,24170.0,24112.5,low volume — no participation,
2026-06-25,10:05:00,ANY,NO_SIGNAL,SKIPPED,24178.15,24200,0.0,24155.7,0.093,71.8,8.93,24170.0,24112.5,low volume — no participation,
2026-06-25,10:10:00,ANY,NO_SIGNAL,SKIPPED,24167.8,24150,0.0,24157.04,0.045,68.12,56.41,24170.0,24112.5,market is sideways,
2026-06-25,10:15:00,ANY,NO_SIGNAL,SKIPPED,24184.1,24200,0.0,24158.4,0.106,71.69,73.76,24170.0,24112.5,low volume — no participation,
2026-06-25,10:20:00,ANY,NO_SIGNAL,SKIPPED,24178.9,24200,0.0,24160.87,0.075,71.79,0.54,24170.0,24112.5,low volume — no participation,
2026-06-25,10:25:00,ANY,NO_SIGNAL,SKIPPED,24171.2,24150,0.0,24161.78,0.039,66.69,38.46,24170.0,24112.5,low volume — no participation,
2026-06-25,10:30:00,ANY,NO_SIGNAL,SKIPPED,24172.3,24150,0.0,24162.63,0.04,66.51,8.0,24170.0,24112.5,low volume — no participation,
2026-06-25,10:35:01,ANY,NO_SIGNAL,SKIPPED,24172.85,24150,0.0,24163.43,0.039,66.46,0.91,24170.0,24112.5,market is sideways,
2026-06-25,10:40:00,ANY,NO_SIGNAL,SKIPPED,24172.45,24150,0.0,24164.0,0.035,66.97,20.0,24170.0,24112.5,market is sideways,
2026-06-25,10:45:00,ANY,NO_SIGNAL,SKIPPED,24184.1,24200,0.0,24165.18,0.078,68.51,52.17,24170.0,24112.5,market is sideways,
2026-06-25,10:50:00,ANY,BUY_CE,SKIPPED,24198.8,24200,0.0,24168.03,0.127,71.82,73.68,24170.0,24112.5,before entry window (11:00),
2026-06-25,10:55:00,ANY,NO_SIGNAL,SKIPPED,24181.6,24200,0.0,24169.07,0.052,64.06,75.0,24170.0,24112.5,market is sideways,
2026-06-25,11:00:00,ANY,NO_SIGNAL,SKIPPED,24198.55,24200,0.0,24170.01,0.118,67.51,100.0,24170.0,24112.5,market is sideways,
2026-06-25,11:05:00,ANY,NO_SIGNAL,SKIPPED,24183.55,24200,0.0,24170.65,0.053,63.17,54.82,24170.0,24112.5,market is sideways,
2026-06-25,11:10:00,ANY,NO_SIGNAL,SKIPPED,24189.5,24200,0.0,24171.22,0.076,63.96,26.13,24170.0,24112.5,low volume — no participation,
2026-06-25,11:15:00,ANY,NO_SIGNAL,SKIPPED,24195.9,24200,0.0,24172.21,0.098,65.98,76.29,24170.0,24112.5,low volume — no participation,
2026-06-25,11:20:00,ANY,NO_SIGNAL,SKIPPED,24196.15,24200,0.0,24173.22,0.095,66.15,4.58,24170.0,24112.5,low volume — no participation,
2026-06-25,11:25:00,ANY,NO_SIGNAL,SKIPPED,24191.7,24200,0.0,24174.29,0.072,66.62,13.91,24170.0,24112.5,low volume — no participation,
2026-06-25,11:30:00,ANY,NO_SIGNAL,SKIPPED,24190.55,24200,0.0,24175.58,0.062,64.17,32.8,24170.0,24112.5,market is sideways,
2026-06-25,11:35:00,ANY,NO_SIGNAL,SKIPPED,24190.5,24200,0.0,24176.17,0.059,61.11,37.41,24170.0,24112.5,market is sideways,
2026-06-25,11:40:00,ANY,NO_SIGNAL,SKIPPED,24194.75,24200,0.0,24176.91,0.074,64.8,58.89,24170.0,24112.5,low volume — no participation,
2026-06-25,11:45:00,ANY,NO_SIGNAL,SKIPPED,24197.1,24200,0.0,24177.56,0.081,64.0,22.73,24170.0,24112.5,market is sideways,
2026-06-25,11:50:00,ANY,NO_SIGNAL,SKIPPED,24204.4,24200,0.0,24178.37,0.108,67.91,91.54,24170.0,24112.5,low volume — no participation,
2026-06-25,11:55:00,ANY,NO_SIGNAL,SKIPPED,24209.25,24200,0.0,24179.9,0.121,68.53,14.81,24170.0,24112.5,no breakout,
2026-06-25,12:00:00,V1_BREAKOUT,BUY_CE,FIRED,24238.75,24250,115.8,24183.36,0.229,76.72,86.04,24170.0,24112.5,,close=24254.9 > VWAP=24183.4 | EMA20=24201.1 up | RSI=76.7 | breakout: high 24259.5 > 24225.0
2026-06-25,12:30:00,ANY,NO_SIGNAL,SKIPPED,24202.35,24200,0.0,24196.28,0.025,52.96,87.92,24170.0,24112.5,market is sideways,
2026-06-25,12:35:00,ANY,NO_SIGNAL,SKIPPED,24189.85,24200,0.0,24196.84,-0.029,51.81,12.55,24170.0,24112.5,market is sideways,
2026-06-25,12:40:00,ANY,NO_SIGNAL,SKIPPED,24209.65,24200,0.0,24197.31,0.051,56.03,49.58,24170.0,24112.5,market is sideways,
2026-06-25,12:45:00,ANY,NO_SIGNAL,SKIPPED,24193.3,24200,0.0,24197.55,-0.018,48.04,85.37,24170.0,24112.5,low volume — no participation,
2026-06-25,12:50:00,ANY,NO_SIGNAL,SKIPPED,24193.6,24200,0.0,24197.73,-0.017,50.22,28.71,24170.0,24112.5,low volume — no participation,
2026-06-25,12:55:00,ANY,NO_SIGNAL,SKIPPED,24199.35,24200,0.0,24197.97,0.006,50.03,2.17,24170.0,24112.5,low volume — no participation,
2026-06-25,13:00:00,ANY,NO_SIGNAL,SKIPPED,24196.9,24200,0.0,24198.13,-0.005,47.31,33.81,24170.0,24112.5,low volume — no participation,
2026-06-25,13:05:00,ANY,NO_SIGNAL,SKIPPED,24203.55,24200,0.0,24198.7,0.02,53.99,67.31,24170.0,24112.5,too close to VWAP,
2026-06-25,13:10:00,ANY,NO_SIGNAL,SKIPPED,24194.7,24200,0.0,24198.84,-0.017,48.03,70.18,24170.0,24112.5,low volume — no participation,
2026-06-25,13:15:00,ANY,NO_SIGNAL,SKIPPED,24172.8,24150,0.0,24198.8,-0.107,42.37,50.7,24170.0,24112.5,low volume — no participation,
2026-06-25,13:20:00,ANY,NO_SIGNAL,SKIPPED,24196.2,24200,0.0,24198.81,-0.011,46.69,34.02,24170.0,24112.5,market is sideways,
2026-06-25,13:25:00,ANY,NO_SIGNAL,SKIPPED,24190.05,24200,0.0,24199.01,-0.037,50.19,52.91,24170.0,24112.5,market is sideways,
2026-06-25,13:30:00,ANY,NO_SIGNAL,SKIPPED,24181.8,24200,0.0,24199.05,-0.071,46.12,29.59,24170.0,24112.5,market is sideways,
2026-06-25,13:35:00,ANY,NO_SIGNAL,SKIPPED,24191.95,24200,0.0,24199.14,-0.03,50.0,54.41,24170.0,24112.5,market is sideways,
2026-06-25,13:40:00,ANY,NO_SIGNAL,SKIPPED,24199.45,24200,0.0,24199.27,0.001,51.33,26.0,24170.0,24112.5,market is sideways,
2026-06-25,13:45:00,ANY,NO_SIGNAL,SKIPPED,24201.7,24200,0.0,24199.59,0.009,53.02,10.67,24170.0,24112.5,market is sideways,
2026-06-25,13:50:00,ANY,NO_SIGNAL,SKIPPED,24203.25,24200,0.0,24199.72,0.015,51.87,21.8,24170.0,24112.5,market is sideways,
2026-06-25,13:55:00,ANY,NO_SIGNAL,SKIPPED,24189.4,24200,0.0,24199.81,-0.043,46.63,71.82,24170.0,24112.5,market is sideways,
2026-06-25,14:00:00,ANY,NO_SIGNAL,SKIPPED,24179.5,24200,0.0,24199.77,-0.084,42.35,68.42,24170.0,24112.5,market is sideways,
2026-06-25,14:05:00,ANY,NO_SIGNAL,SKIPPED,24185.15,24200,0.0,24199.69,-0.06,46.42,49.75,24170.0,24112.5,market is sideways,
2026-06-25,14:10:00,ANY,NO_SIGNAL,SKIPPED,24173.0,24150,0.0,24199.64,-0.11,43.76,40.4,24170.0,24112.5,market is sideways,
2026-06-25,14:15:00,ANY,NO_SIGNAL,SKIPPED,24138.9,24150,0.0,24198.56,-0.247,34.13,72.18,24170.0,24112.5,market is sideways,
2026-06-25,14:20:00,ANY,NO_SIGNAL,SKIPPED,24118.75,24100,0.0,24196.18,-0.32,29.43,52.41,24170.0,24112.5,market is sideways,
2026-06-25,14:25:00,ANY,NO_SIGNAL,SKIPPED,24111.9,24100,0.0,24194.06,-0.34,27.89,27.25,24170.0,24112.5,no breakout,
2026-06-25,14:30:00,ANY,NO_SIGNAL,SKIPPED,24110.05,24100,0.0,24191.49,-0.337,27.6,4.87,24170.0,24112.5,no breakout,
2026-06-25,14:35:00,ANY,NO_SIGNAL,SKIPPED,24107.65,24100,0.0,24189.76,-0.339,28.12,1.18,24170.0,24112.5,no breakout,
2026-06-25,14:40:00,ANY,NO_SIGNAL,SKIPPED,24101.25,24100,0.0,24188.27,-0.36,26.17,37.86,24170.0,24112.5,low volume — no participation,
2026-06-25,14:45:00,ANY,NO_SIGNAL,SKIPPED,24071.4,24050,0.0,24186.58,-0.476,23.15,51.81,24170.0,24112.5,low volume — no participation,
2026-06-25,14:50:00,ANY,NO_SIGNAL,SKIPPED,24072.75,24050,0.0,24183.69,-0.459,26.12,31.79,24170.0,24112.5,no breakout,
2026-06-25,14:55:00,ANY,NO_SIGNAL,SKIPPED,24102.95,24100,0.0,24182.8,-0.33,35.15,50.76,24170.0,24112.5,low volume — no participation,
2026-06-25,15:00:00,ANY,NO_SIGNAL,SKIPPED,24090.0,24100,0.0,24181.82,-0.38,32.99,34.6,24170.0,24112.5,low volume — no participation,
2026-06-25,15:05:00,ANY,NO_SIGNAL,SKIPPED,24060.2,24050,0.0,24179.46,-0.493,30.3,47.62,24170.0,24112.5,no breakout,
2026-06-25,15:10:00,ANY,NO_SIGNAL,SKIPPED,24060.1,24050,0.0,24176.66,-0.482,34.7,23.33,24170.0,24112.5,market is sideways,
2026-06-25,15:15:00,ANY,NO_SIGNAL,SKIPPED,24056.35,24050,0.0,24174.94,-0.491,38.44,61.33,24170.0,24112.5,market is sideways,
2026-06-25,15:20:00,ANY,NO_SIGNAL,SKIPPED,24058.55,24050,0.0,24173.44,-0.475,36.23,46.0,24170.0,24112.5,market is sideways,
2026-06-25,15:25:00,ANY,NO_SIGNAL,SKIPPED,24046.25,24050,0.0,24172.13,-0.521,35.25,22.4,24170.0,24112.5,market is sideways,
2026-06-25,15:30:00,ANY,NO_SIGNAL,SKIPPED,24052.8,24050,0.0,24170.74,-0.488,37.09,0.0,24170.0,24112.5,market is sideways,
2026-06-26,09:20:24,ANY,NO_SIGNAL,SKIPPED,24056.0,24050,0.0,0.0,0,33.32,0.0,,,market is sideways,
2026-06-26,09:25:24,ANY,NO_SIGNAL,SKIPPED,24056.0,24050,0.0,0.0,0,33.32,0.0,,,market is sideways,
2026-06-26,09:30:24,ANY,NO_SIGNAL,SKIPPED,24056.0,24050,0.0,0.0,0,33.32,0.0,,,market is sideways,
2026-06-26,09:35:24,ANY,NO_SIGNAL,SKIPPED,24056.0,24050,0.0,0.0,0,33.32,0.0,,,market is sideways,
2026-06-26,09:40:24,ANY,NO_SIGNAL,SKIPPED,24056.0,24050,0.0,0.0,0,33.32,0.0,24102.3,24102.3,market is sideways,
2026-06-26,09:45:24,ANY,NO_SIGNAL,SKIPPED,24056.0,24050,0.0,0.0,0,33.32,0.0,24102.3,24102.3,market is sideways,
2026-06-26,09:50:24,ANY,NO_SIGNAL,SKIPPED,24056.0,24050,0.0,0.0,0,33.32,0.0,24102.3,24102.3,market is sideways,
2026-06-26,09:55:24,ANY,NO_SIGNAL,SKIPPED,24056.0,24050,0.0,0.0,0,33.32,0.0,24102.3,24102.3,market is sideways,
2026-06-26,10:00:25,ANY,NO_SIGNAL,SKIPPED,24056.0,24050,0.0,0.0,0,33.32,0.0,24102.3,24102.3,market is sideways,
2026-06-26,10:05:25,ANY,NO_SIGNAL,SKIPPED,24056.0,24050,0.0,0.0,0,33.32,0.0,24102.3,24102.3,market is sideways,
2026-06-26,10:10:25,ANY,NO_SIGNAL,SKIPPED,24056.0,24050,0.0,0.0,0,33.32,0.0,24102.3,24102.3,market is sideways,
2026-06-26,10:15:25,ANY,NO_SIGNAL,SKIPPED,24056.0,24050,0.0,0.0,0,33.32,0.0,24102.3,24102.3,market is sideways,
2026-06-26,10:20:25,ANY,NO_SIGNAL,SKIPPED,24056.0,24050,0.0,0.0,0,33.32,0.0,24102.3,24102.3,market is sideways,
2026-06-26,10:25:25,ANY,NO_SIGNAL,SKIPPED,24056.0,24050,0.0,0.0,0,33.32,0.0,24102.3,24102.3,market is sideways,
2026-06-26,10:30:25,ANY,NO_SIGNAL,SKIPPED,24056.0,24050,0.0,0.0,0,33.32,0.0,24102.3,24102.3,market is sideways,
2026-06-26,10:35:25,ANY,NO_SIGNAL,SKIPPED,24056.0,24050,0.0,0.0,0,33.32,0.0,24102.3,24102.3,market is sideways,
2026-06-26,10:40:25,ANY,NO_SIGNAL,SKIPPED,24056.0,24050,0.0,0.0,0,33.32,0.0,24102.3,24102.3,market is sideways,
2026-06-26,10:45:26,ANY,NO_SIGNAL,SKIPPED,24056.0,24050,0.0,0.0,0,33.32,0.0,24102.3,24102.3,market is sideways,
2026-06-26,10:50:26,ANY,NO_SIGNAL,SKIPPED,24056.0,24050,0.0,0.0,0,33.32,0.0,24102.3,24102.3,market is sideways,
2026-06-30,09:20:01,ANY,NO_SIGNAL,SKIPPED,23939.4,23950,0.0,23973.7,-0.143,42.59,69.84,,,market is sideways,
2026-06-30,09:25:00,ANY,NO_SIGNAL,SKIPPED,23901.2,23900,0.0,23952.34,-0.214,34.23,72.77,,,low volume — no participation,
2026-06-30,09:30:00,ANY,NO_SIGNAL,SKIPPED,23897.25,23900,0.0,23940.69,-0.181,33.89,29.07,,,market is sideways,
2026-06-30,09:35:00,ANY,BUY_PE,SKIPPED,23871.7,23850,0.0,23925.59,-0.225,28.58,76.82,,,before entry window (11:00),
2026-06-30,09:40:00,ANY,NO_SIGNAL,SKIPPED,23875.1,23900,0.0,23921.88,-0.196,29.7,0.45,24025.0,23879.2,low volume — no participation,
2026-06-30,09:45:00,ANY,NO_SIGNAL,SKIPPED,23870.3,23850,0.0,23918.29,-0.201,27.99,42.73,24025.0,23879.2,low volume — no participation,
2026-06-30,09:50:00,ANY,NO_SIGNAL,SKIPPED,23857.0,23850,0.0,23913.1,-0.235,25.52,63.91,24025.0,23879.2,low volume — no participation,
2026-06-30,09:55:00,ANY,NO_SIGNAL,SKIPPED,23865.15,23850,0.0,23910.38,-0.189,33.68,71.3,24025.0,23879.2,low volume — no participation,
2026-06-30,10:00:00,ANY,NO_SIGNAL,SKIPPED,23881.1,23900,0.0,23908.33,-0.114,36.78,26.33,24025.0,23879.2,low volume — no participation,
2026-06-30,10:05:00,ANY,NO_SIGNAL,SKIPPED,23914.95,23900,0.0,23909.22,0.024,48.87,80.86,24025.0,23879.2,market is sideways,
2026-06-30,10:10:00,ANY,NO_SIGNAL,SKIPPED,23874.2,23850,0.0,23908.82,-0.145,39.83,89.15,24025.0,23879.2,market is sideways,
2026-06-30,10:15:00,ANY,NO_SIGNAL,SKIPPED,23889.6,23900,0.0,23908.18,-0.078,42.86,36.21,24025.0,23879.2,market is sideways,
2026-06-30,10:20:00,ANY,NO_SIGNAL,SKIPPED,23890.95,23900,0.0,23908.0,-0.071,45.18,36.8,24025.0,23879.2,market is sideways,
2026-06-30,10:25:00,ANY,NO_SIGNAL,SKIPPED,23892.15,23900,0.0,23907.59,-0.065,43.72,24.53,24025.0,23879.2,market is sideways,
2026-06-30,10:30:01,ANY,NO_SIGNAL,SKIPPED,23891.95,23900,0.0,23907.32,-0.064,42.96,19.19,24025.0,23879.2,market is sideways,
2026-06-30,10:35:00,ANY,NO_SIGNAL,SKIPPED,23899.05,23900,0.0,23907.49,-0.035,48.82,75.37,24025.0,23879.2,market is sideways,
2026-06-30,10:40:00,ANY,NO_SIGNAL,SKIPPED,23894.2,23900,0.0,23907.81,-0.057,47.42,41.54,24025.0,23879.2,market is sideways,
2026-06-30,10:45:00,ANY,NO_SIGNAL,SKIPPED,23891.25,23900,0.0,23907.52,-0.068,43.53,64.46,24025.0,23879.2,market is sideways,
2026-06-30,10:50:00,ANY,NO_SIGNAL,SKIPPED,23915.1,23900,0.0,23908.94,0.026,52.22,91.71,24025.0,23879.2,market is sideways,
2026-06-30,10:55:00,ANY,NO_SIGNAL,SKIPPED,23906.75,23900,0.0,23909.91,-0.013,49.66,35.68,24025.0,23879.2,market is sideways,
2026-06-30,11:00:00,ANY,NO_SIGNAL,SKIPPED,23879.0,23900,0.0,23909.34,-0.127,41.9,97.22,24025.0,23879.2,market is sideways,
2026-06-30,11:05:00,ANY,NO_SIGNAL,SKIPPED,23883.0,23900,0.0,23908.21,-0.105,42.12,0.96,24025.0,23879.2,market is sideways,
2026-06-30,11:10:00,ANY,NO_SIGNAL,SKIPPED,23892.3,23900,0.0,23907.15,-0.062,46.2,72.77,24025.0,23879.2,market is sideways,
2026-06-30,11:15:00,ANY,NO_SIGNAL,SKIPPED,23938.05,23950,0.0,23909.17,0.121,57.06,83.79,24025.0,23879.2,market is sideways,
2026-06-30,11:20:00,ANY,NO_SIGNAL,SKIPPED,23934.4,23950,0.0,23910.35,0.101,57.27,4.6,24025.0,23879.2,market is sideways,
2026-06-30,11:25:00,V1_BREAKOUT,BUY_CE,FIRED,23997.0,24000,188.3,23915.33,0.341,67.25,86.16,24025.0,23879.2,,close=24014.7 > VWAP=23915.3 | EMA20=23926.2 up | RSI=67.3 | breakout: high 24015.0 > 23958.0
2026-06-30,11:40:00,ANY,NO_SIGNAL,SKIPPED,23944.7,23950,0.0,23921.32,0.098,53.59,17.89,24025.0,23879.2,market is sideways,
2026-06-30,11:45:00,ANY,NO_SIGNAL,SKIPPED,23932.6,23950,0.0,23922.06,0.044,50.29,42.11,24025.0,23879.2,market is sideways,
2026-06-30,11:50:00,ANY,NO_SIGNAL,SKIPPED,23930.0,23950,0.0,23922.65,0.031,50.6,7.17,24025.0,23879.2,market is sideways,
2026-06-30,11:55:00,ANY,NO_SIGNAL,SKIPPED,23940.6,23950,0.0,23923.78,0.07,54.2,94.42,24025.0,23879.2,low volume — no participation,
2026-06-30,12:00:00,ANY,NO_SIGNAL,SKIPPED,23946.15,23950,0.0,23924.56,0.09,54.68,27.39,24025.0,23879.2,market is sideways,
2026-06-30,12:05:00,ANY,NO_SIGNAL,SKIPPED,23935.1,23950,0.0,23924.97,0.042,50.58,94.95,24025.0,23879.2,market is sideways,
2026-06-30,12:10:00,ANY,NO_SIGNAL,SKIPPED,23927.9,23950,0.0,23925.29,0.011,49.32,30.98,24025.0,23879.2,low volume — no participation,
2026-06-30,12:15:00,ANY,NO_SIGNAL,SKIPPED,23924.95,23900,0.0,23925.47,-0.002,49.12,9.09,24025.0,23879.2,low volume — no participation,
2026-06-30,12:20:00,ANY,NO_SIGNAL,SKIPPED,23925.15,23950,0.0,23925.6,-0.002,50.49,22.45,24025.0,23879.2,market is sideways,
2026-06-30,12:25:00,ANY,NO_SIGNAL,SKIPPED,23937.3,23950,0.0,23925.87,0.048,52.97,58.14,24025.0,23879.2,market is sideways,
2026-06-30,12:30:00,ANY,NO_SIGNAL,SKIPPED,23933.15,23950,0.0,23926.02,0.03,51.58,38.46,24025.0,23879.2,market is sideways,
2026-06-30,12:35:00,ANY,NO_SIGNAL,SKIPPED,23920.55,23900,0.0,23926.1,-0.023,46.78,62.41,24025.0,23879.2,market is sideways,
2026-06-30,12:40:00,ANY,NO_SIGNAL,SKIPPED,23944.65,23950,0.0,23926.42,0.076,54.17,71.04,24025.0,23879.2,market is sideways,
2026-06-30,12:45:00,ANY,NO_SIGNAL,SKIPPED,23951.05,23950,0.0,23926.89,0.101,56.13,45.55,24025.0,23879.2,market is sideways,
2026-06-30,12:50:00,ANY,NO_SIGNAL,SKIPPED,23948.05,23950,0.0,23927.31,0.087,54.76,26.86,24025.0,23879.2,market is sideways,
2026-06-30,12:55:01,ANY,NO_SIGNAL,SKIPPED,23946.1,23950,0.0,23927.81,0.076,55.99,21.37,24025.0,23879.2,low volume — no participation,
2026-06-30,13:00:00,ANY,NO_SIGNAL,SKIPPED,23951.95,23950,0.0,23928.25,0.099,55.66,5.95,24025.0,23879.2,low volume — no participation,
2026-06-30,13:05:00,ANY,NO_SIGNAL,SKIPPED,23945.15,23950,0.0,23928.46,0.07,52.39,45.66,24025.0,23879.2,market is sideways,
2026-06-30,13:10:00,ANY,NO_SIGNAL,SKIPPED,23932.95,23950,0.0,23928.64,0.018,49.57,48.39,24025.0,23879.2,market is sideways,
2026-06-30,13:15:00,ANY,NO_SIGNAL,SKIPPED,23934.0,23950,0.0,23928.74,0.022,47.7,50.83,24025.0,23879.2,market is sideways,
2026-06-30,13:20:00,ANY,NO_SIGNAL,SKIPPED,23924.1,23900,0.0,23928.89,-0.02,47.8,2.34,24025.0,23879.2,market is sideways,
2026-06-30,13:25:01,ANY,NO_SIGNAL,SKIPPED,23918.8,23900,0.0,23928.93,-0.042,46.4,20.9,24025.0,23879.2,market is sideways,
2026-06-30,13:30:00,ANY,NO_SIGNAL,SKIPPED,23934.3,23950,0.0,23929.15,0.022,49.47,23.55,24025.0,23879.2,market is sideways,
2026-06-30,13:35:00,ANY,NO_SIGNAL,SKIPPED,23936.85,23950,0.0,23929.27,0.032,52.0,50.0,24025.0,23879.2,market is sideways,
2026-06-30,13:40:00,ANY,NO_SIGNAL,SKIPPED,23938.0,23950,0.0,23929.45,0.036,49.71,57.84,24025.0,23879.2,low volume — no participation,
2026-06-30,13:45:00,ANY,NO_SIGNAL,SKIPPED,23946.8,23950,0.0,23929.8,0.071,54.43,43.17,24025.0,23879.2,market is sideways,
2026-06-30,13:50:01,ANY,NO_SIGNAL,SKIPPED,23939.9,23950,0.0,23930.05,0.041,51.6,58.33,24025.0,23879.2,market is sideways,
2026-06-30,13:55:00,ANY,NO_SIGNAL,SKIPPED,23931.1,23950,0.0,23930.41,0.003,51.6,0.0,24025.0,23879.2,market is sideways,
2026-06-30,14:00:00,ANY,NO_SIGNAL,SKIPPED,23929.4,23950,0.0,23930.55,-0.005,44.94,72.57,24025.0,23879.2,market is sideways,
2026-06-30,14:05:00,ANY,NO_SIGNAL,SKIPPED,23888.25,23900,0.0,23930.05,-0.175,35.08,63.27,24025.0,23879.2,too close to VWAP,
2026-06-30,14:10:00,ANY,NO_SIGNAL,SKIPPED,23895.95,23900,0.0,23929.64,-0.141,35.87,65.99,24025.0,23879.2,low volume — no participation,
2026-06-30,14:15:00,ANY,NO_SIGNAL,SKIPPED,23885.25,23900,0.0,23929.29,-0.184,33.5,98.0,24025.0,23879.2,low volume — no participation,
2026-06-30,14:20:00,ANY,NO_SIGNAL,SKIPPED,23880.1,23900,0.0,23928.54,-0.202,32.55,5.19,24025.0,23879.2,no breakout,
2026-06-30,14:25:00,ANY,NO_SIGNAL,SKIPPED,23947.45,23950,0.0,23928.58,0.079,56.96,83.35,24025.0,23879.2,market is sideways,
2026-06-30,14:30:00,ANY,NO_SIGNAL,SKIPPED,23945.4,23950,0.0,23929.49,0.066,53.13,41.94,24025.0,23879.2,market is sideways,
2026-06-30,14:35:00,ANY,NO_SIGNAL,SKIPPED,23942.95,23950,0.0,23929.79,0.055,53.9,14.88,24025.0,23879.2,market is sideways,
2026-06-30,14:40:00,ANY,NO_SIGNAL,SKIPPED,23940.75,23950,0.0,23929.9,0.045,51.97,55.83,24025.0,23879.2,market is sideways,
2026-06-30,14:45:00,ANY,NO_SIGNAL,SKIPPED,23945.4,23950,0.0,23930.13,0.064,53.65,21.48,24025.0,23879.2,market is sideways,
2026-06-30,14:50:00,ANY,NO_SIGNAL,SKIPPED,23940.75,23950,0.0,23930.27,0.044,50.96,69.84,24025.0,23879.2,market is sideways,
2026-06-30,14:55:00,ANY,NO_SIGNAL,SKIPPED,23937.85,23950,0.0,23930.48,0.031,53.98,34.64,24025.0,23879.2,low volume — no participation,
2026-06-30,15:00:00,ANY,NO_SIGNAL,SKIPPED,23905.35,23900,0.0,23930.34,-0.104,43.15,81.0,24025.0,23879.2,market is sideways,
2026-06-30,15:05:00,ANY,NO_SIGNAL,SKIPPED,23840.75,23850,0.0,23928.54,-0.367,33.01,77.9,24025.0,23879.2,market is sideways,
2026-06-30,15:10:00,ANY,NO_SIGNAL,SKIPPED,23850.25,23850,0.0,23926.16,-0.317,34.39,13.11,24025.0,23879.2,no breakout,
2026-06-30,15:15:00,ANY,NO_SIGNAL,SKIPPED,23864.8,23850,0.0,23924.12,-0.248,35.82,17.98,24025.0,23879.2,no breakout,
2026-06-30,15:20:00,ANY,NO_SIGNAL,SKIPPED,23879.8,23900,0.0,23922.89,-0.18,36.74,25.3,24025.0,23879.2,low volume — no participation,
2026-06-30,15:25:00,ANY,NO_SIGNAL,SKIPPED,23884.1,23900,0.0,23921.59,-0.157,36.22,44.44,24025.0,23879.2,no breakout,
2026-06-30,15:30:00,ANY,NO_SIGNAL,SKIPPED,23917.75,23900,0.0,23919.46,-0.007,36.6,36.67,24025.0,23879.2,no breakout,
