date,time,open,high,low,close,volume,vwap,ema20,rsi14,vwap_distance_pct,body_pct,candle_direction,or_high,or_low,orb_used,signal_v2,model_v2,skip_reason,spot,atm_strike,ce_ltp,pe_ltp,in_position,position_type,position_entry_price,position_current_price,trail_active,breakeven_set
2026-06-01,09:15,23730.0,23730.0,23675.0,23699.6,254215,23701.53,23786.56,32.81,-0.0081,55.27,-1,,,False,NO_SIGNAL,NONE,before entry window (09:35:00),23633.0,23650,116.9,101.9,False,,,,False,False
2026-06-01,09:20,23699.8,23707.8,23653.5,23665.0,141180,23692.21,23774.98,29.59,-0.1148,64.09,-1,,,False,NO_SIGNAL,NONE,before entry window (09:35:00),23598.95,23600,,,False,,,,False,False
2026-06-01,09:25,23665.0,23680.1,23652.0,23660.5,88270,23687.1,23764.08,29.19,-0.1123,16.01,-1,,,False,NO_SIGNAL,NONE,before entry window (09:35:00),23593.45,23600,124.7,96.6,False,,,,False,False
2026-06-01,09:30,23661.0,23687.5,23652.0,23680.0,88400,23684.95,23756.07,33.4,-0.0209,53.52,1,,,False,NO_SIGNAL,NONE,body 54% < 55; vwap dist 0.02% < min,23610.75,23600,131.85,87.45,False,,,,False,False
2026-06-01,09:35,23680.0,23681.0,23637.0,23678.8,121615,23681.56,23748.71,33.27,-0.0117,2.73,-1,23730.0,23652.0,False,NO_SIGNAL,NONE,body 3% < 55; vwap dist 0.01% < min,23608.75,23600,130.0,86.85,False,,,,False,False
2026-06-01,09:40,23679.5,23692.0,23643.0,23650.0,56225,23680.06,23739.31,30.21,-0.1269,60.2,-1,23730.0,23652.0,False,NO_SIGNAL,NONE,no model matched,23575.25,23600,111.7,100.4,False,,,,False,False
2026-06-01,09:45,23645.0,23665.0,23634.0,23644.5,104780,23676.11,23730.28,29.65,-0.1335,1.61,-1,23730.0,23652.0,False,NO_SIGNAL,NONE,body 2% < 55,23580.2,23600,115.4,98.55,False,,,,False,False
2026-06-01,09:50,23647.5,23665.0,23636.3,23656.5,52715,23674.75,23723.25,32.59,-0.0771,31.36,1,23730.0,23652.0,False,NO_SIGNAL,NONE,body 31% < 55; vwap dist 0.08% < min,23585.9,23600,116.1,94.6,False,,,,False,False
2026-06-01,09:55,23656.5,23657.0,23625.0,23625.0,51870,23672.63,23713.9,29.14,-0.2012,98.44,-1,23730.0,23652.0,False,NO_SIGNAL,NONE,no model matched,23561.05,23550,,,False,,,,False,False
2026-06-01,10:00,23625.0,23634.5,23606.0,23606.0,91195,23667.67,23703.62,27.27,-0.2606,66.67,-1,23730.0,23652.0,False,NO_SIGNAL,NONE,no model matched,23541.05,23550,117.0,95.4,False,,,,False,False
2026-06-01,10:05,23609.4,23637.5,23601.7,23632.0,70655,23664.9,23696.8,33.56,-0.139,63.13,1,23730.0,23652.0,False,NO_SIGNAL,NONE,no model matched,23569.25,23550,129.7,83.05,False,,,,False,False
2026-06-01,10:10,23634.4,23640.0,23616.9,23619.0,63440,23662.78,23689.39,32.07,-0.185,66.67,-1,23730.0,23652.0,False,NO_SIGNAL,NONE,no model matched,23553.15,23550,122.05,90.55,False,,,,False,False
2026-06-01,10:15,23616.0,23634.5,23605.0,23625.0,39455,23661.45,23683.26,33.54,-0.154,30.51,1,23730.0,23652.0,False,NO_SIGNAL,NONE,body 31% < 55,23558.15,23550,127.95,86.95,False,,,,False,False
2026-06-01,10:20,23626.0,23634.4,23615.9,23618.5,38350,23660.28,23677.09,32.71,-0.1766,40.54,-1,23730.0,23652.0,False,NO_SIGNAL,NONE,body 41% < 55,23549.15,23550,122.5,89.75,False,,,,False,False
2026-06-01,10:25,23619.5,23628.4,23602.5,23608.6,28405,23659.25,23670.57,31.44,-0.2141,42.08,-1,23730.0,23652.0,False,NO_SIGNAL,NONE,body 42% < 55,23539.85,23550,117.25,93.5,False,,,,False,False
2026-06-01,10:30,23608.6,23617.9,23581.0,23588.6,65000,23656.21,23662.76,28.99,-0.2858,54.2,-1,23730.0,23652.0,False,NO_SIGNAL,NONE,body 54% < 55,23529.2,23550,110.25,100.05,False,,,,False,False
2026-06-01,10:35,23586.9,23623.1,23585.0,23612.2,89765,23653.14,23657.95,35.39,-0.1731,66.4,1,23730.0,23652.0,False,NO_SIGNAL,NONE,no model matched,23542.3,23550,119.1,92.4,False,,,,False,False
2026-06-01,10:40,23612.2,23626.9,23601.3,23612.6,40625,23652.06,23653.63,35.49,-0.1668,1.56,1,23730.0,23652.0,False,NO_SIGNAL,NONE,body 2% < 55,23538.2,23550,118.7,92.95,False,,,,False,False
2026-06-01,10:45,23612.6,23648.0,23610.0,23640.0,51610,23651.4,23652.33,42.46,-0.0482,72.11,1,23730.0,23652.0,False,NO_SIGNAL,NONE,vwap dist 0.05% < min,23570.7,23550,133.0,80.05,False,,,,False,False
2026-06-01,10:50,23640.0,23665.0,23631.0,23664.4,72020,23651.5,23653.48,47.86,0.0545,71.76,1,23730.0,23652.0,False,NO_SIGNAL,NONE,vwap dist 0.05% < min; 4 legs up,23592.3,23600,,,False,,,,False,False
2026-06-01,10:55,23664.9,23666.5,23640.0,23643.5,65780,23651.44,23652.53,44.05,-0.0336,80.75,-1,23730.0,23652.0,False,NO_SIGNAL,NONE,vwap dist 0.03% < min,23571.45,23550,,,False,,,,False,False
2026-06-01,11:00,23643.5,23665.0,23640.0,23654.1,53235,23651.49,23652.68,46.38,0.011,42.4,1,23730.0,23652.0,False,NO_SIGNAL,NONE,body 42% < 55; vwap dist 0.01% < min,23593.0,23600,,,False,,,,False,False
2026-06-01,11:05,23654.1,23679.0,23654.1,23679.0,59670,23652.13,23655.19,51.49,0.1136,100.0,1,23730.0,23652.0,False,NO_SIGNAL,NONE,no model matched,23610.05,23600,125.3,82.95,False,,,,False,False
2026-06-01,11:10,23678.4,23680.0,23670.0,23674.0,27170,23652.47,23656.98,50.45,0.091,44.0,-1,23730.0,23652.0,False,NO_SIGNAL,NONE,body 44% < 55; vwap dist 0.09% < min,23606.55,23600,123.4,83.4,False,,,,False,False
2026-06-01,11:15,23677.4,23693.0,23666.0,23675.0,59930,23653.28,23658.69,50.67,0.0918,8.89,-1,23730.0,23652.0,False,NO_SIGNAL,NONE,body 9% < 55; vwap dist 0.09% < min,23607.9,23600,123.55,83.8,False,,,,False,False
2026-06-01,11:20,23672.0,23680.0,23650.0,23652.0,44135,23653.45,23658.06,45.76,-0.0061,66.67,-1,23730.0,23652.0,False,NO_SIGNAL,NONE,vwap dist 0.01% < min,23581.05,23600,107.05,94.75,False,,,,False,False
2026-06-01,11:25,23651.0,23653.9,23628.0,23630.4,27625,23653.22,23655.42,41.67,-0.0965,79.54,-1,23730.0,23652.0,False,NO_SIGNAL,NONE,vwap dist 0.10% < min; 4 legs down,23559.15,23550,,,False,,,,False,False
2026-06-01,11:30,23630.4,23636.6,23610.6,23616.9,43420,23652.53,23651.75,39.31,-0.1506,51.92,-1,23730.0,23652.0,False,NO_SIGNAL,NONE,body 52% < 55; 5 legs down,23545.0,23550,117.3,87.6,False,,,,False,False
2026-06-01,11:35,23616.9,23640.0,23615.0,23631.0,29510,23652.18,23649.78,42.94,-0.0895,56.4,1,23730.0,23652.0,False,NO_SIGNAL,NONE,vwap dist 0.09% < min,23567.6,23550,127.7,76.6,False,,,,False,False
2026-06-01,11:40,23630.2,23639.0,23615.0,23618.5,22815,23651.87,23646.8,40.62,-0.1411,48.75,-1,23730.0,23652.0,False,NO_SIGNAL,NONE,body 49% < 55,23550.0,23550,119.3,83.9,False,,,,False,False
2026-06-01,11:45,23617.5,23624.9,23600.1,23620.8,41730,23651.13,23644.32,41.25,-0.1282,13.31,1,23730.0,23652.0,False,NO_SIGNAL,NONE,body 13% < 55,23553.35,23550,120.9,82.0,False,,,,False,False
2026-06-01,11:50,23620.8,23632.4,23613.5,23616.5,25610,23650.77,23641.67,40.39,-0.1449,22.75,-1,23730.0,23652.0,False,NO_SIGNAL,NONE,body 23% < 55,23554.1,23550,119.45,83.35,False,,,,False,False
2026-06-01,11:55,23616.5,23621.5,23555.0,23555.0,134355,23646.36,23633.42,30.54,-0.3864,92.48,-1,23730.0,23652.0,False,NO_SIGNAL,NONE,no model matched,23493.65,23500,,,False,,,,False,False
2026-06-01,12:00,23560.0,23566.1,23551.0,23562.6,120640,23641.95,23626.67,32.73,-0.3356,17.22,1,23730.0,23652.0,False,NO_SIGNAL,NONE,body 17% < 55,23498.45,23500,118.1,90.8,False,,,,False,False
2026-06-01,12:05,23562.6,23580.0,23560.0,23570.5,42315,23640.69,23621.32,35.01,-0.2969,39.5,1,23730.0,23652.0,False,NO_SIGNAL,NONE,body 40% < 55,23506.05,23500,122.0,86.3,False,,,,False,False
2026-06-01,12:10,23570.5,23592.5,23565.0,23585.2,35620,23639.82,23617.88,39.15,-0.2311,53.45,1,23730.0,23652.0,False,NO_SIGNAL,NONE,body 53% < 55,23529.7,23550,,,False,,,,False,False
2026-06-01,12:15,23590.0,23594.9,23570.0,23588.0,49270,23638.72,23615.04,39.94,-0.2146,8.03,-1,23730.0,23652.0,False,NO_SIGNAL,NONE,body 8% < 55,23528.2,23550,101.6,100.45,False,,,,False,False
2026-06-01,12:20,23588.0,23591.0,23567.8,23575.0,45500,23637.63,23611.22,37.52,-0.265,56.03,-1,23730.0,23652.0,False,NO_SIGNAL,NONE,no model matched,23518.75,23500,,,False,,,,False,False
2026-06-01,12:25,23575.0,23589.5,23572.3,23578.2,9230,23637.42,23608.08,38.51,-0.2505,18.6,1,23730.0,23652.0,False,NO_SIGNAL,NONE,body 19% < 55,23516.35,23500,124.7,82.45,False,,,,False,False
2026-06-01,12:30,23578.2,23578.3,23570.0,23572.0,12870,23637.1,23604.64,37.28,-0.2754,74.7,-1,23730.0,23652.0,False,NO_SIGNAL,NONE,no model matched,23513.4,23500,122.4,83.0,False,,,,False,False
2026-06-01,12:35,23572.0,23585.0,23570.1,23575.0,19630,23636.64,23601.82,38.3,-0.2608,20.13,1,23730.0,23652.0,False,NO_SIGNAL,NONE,body 20% < 55,23514.35,23500,123.5,82.7,False,,,,False,False
2026-06-01,12:40,23575.0,23577.0,23565.0,23577.0,21775,23636.11,23599.46,39.02,-0.2501,16.67,1,23730.0,23652.0,False,NO_SIGNAL,NONE,body 17% < 55,23515.85,23500,125.85,80.15,False,,,,False,False
2026-06-01,12:45,23577.0,23599.0,23576.0,23598.5,20865,23635.75,23599.36,46.25,-0.1576,93.48,1,23730.0,23652.0,False,NO_SIGNAL,NONE,no model matched,23532.8,23550,,,False,,,,False,False
2026-06-01,12:50,23598.5,23598.5,23576.4,23585.5,24180,23635.3,23598.04,42.94,-0.2107,58.82,-1,23730.0,23652.0,False,NO_SIGNAL,NONE,no model matched,23527.8,23550,103.2,95.85,False,,,,False,False
2026-06-01,12:55,23585.5,23592.5,23558.0,23575.5,32305,23634.58,23595.9,40.53,-0.25,28.99,-1,23730.0,23652.0,False,NO_SIGNAL,NONE,body 29% < 55,23513.45,23500,,,False,,,,False,False
2026-06-01,13:00,23575.5,23582.4,23550.0,23558.6,28210,23633.84,23592.35,36.78,-0.3184,52.16,-1,23730.0,23652.0,False,NO_SIGNAL,NONE,body 52% < 55,23496.5,23500,111.25,89.5,False,,,,False,False
2026-06-01,13:05,23558.6,23559.5,23535.0,23540.0,101140,23630.64,23587.36,33.14,-0.3836,75.92,-1,23730.0,23652.0,False,NO_SIGNAL,NONE,4 legs down,23478.65,23500,101.6,98.85,False,,,,False,False
2026-06-01,13:10,23540.0,23540.0,23510.0,23515.5,85150,23627.43,23580.52,29.07,-0.4737,81.67,-1,23730.0,23652.0,False,NO_SIGNAL,NONE,vwap dist 0.47% > max; 5 legs down,23460.65,23450,,,False,,,,False,False
2026-06-01,13:15,23515.5,23539.0,23515.0,23534.0,55055,23625.6,23576.09,35.51,-0.3877,77.08,1,23730.0,23652.0,False,NO_SIGNAL,NONE,no model matched,23473.65,23450,121.55,76.85,False,,,,False,False
2026-06-01,13:20,23534.0,23538.9,23525.0,23525.0,28665,23624.68,23571.22,33.9,-0.4219,64.75,-1,23730.0,23652.0,False,NO_SIGNAL,NONE,vwap dist 0.42% > max,23469.0,23450,120.5,77.4,False,,,,False,False
2026-06-01,13:25,23526.0,23540.0,23522.7,23540.0,31395,23623.73,23568.25,38.89,-0.3544,80.92,1,23730.0,23652.0,False,NO_SIGNAL,NONE,past last entry (13:30:00),23483.5,23500,,,False,,,,False,False
2026-06-01,13:30,23543.0,23568.0,23540.0,23545.0,37375,23622.84,23566.03,40.5,-0.3295,7.14,1,23730.0,23652.0,False,NO_SIGNAL,NONE,past last entry (13:30:00),23484.95,23500,102.3,94.3,False,,,,False,False
2026-06-01,13:35,23545.0,23557.5,23535.1,23547.0,48230,23621.65,23564.22,41.17,-0.316,8.93,1,23730.0,23652.0,False,NO_SIGNAL,NONE,past last entry (13:30:00),23487.55,23500,105.55,91.15,False,,,,False,False
2026-06-01,13:40,23547.0,23559.0,23541.5,23542.0,11245,23621.38,23562.1,39.96,-0.3361,28.57,-1,23730.0,23652.0,False,NO_SIGNAL,NONE,past last entry (13:30:00),23481.9,23500,101.15,94.25,False,,,,False,False
2026-06-01,13:45,23542.0,23549.5,23530.0,23533.5,22750,23620.78,23559.38,37.92,-0.3695,43.59,-1,23730.0,23652.0,False,NO_SIGNAL,NONE,past last entry (13:30:00),23462.1,23450,,,False,,,,False,False
2026-06-01,13:50,23533.5,23541.9,23521.0,23521.0,28665,23619.93,23555.72,35.09,-0.4188,59.81,-1,23730.0,23652.0,False,NO_SIGNAL,NONE,past last entry (13:30:00),23453.15,23450,112.95,80.55,False,,,,False,False
2026-06-01,13:55,23521.0,23538.2,23515.0,23526.5,76960,23617.71,23552.94,37.31,-0.3862,23.71,1,23730.0,23652.0,False,NO_SIGNAL,NONE,past last entry (13:30:00),23456.1,23450,116.65,78.3,False,,,,False,False
2026-06-01,14:00,23526.5,23529.7,23488.2,23509.8,141440,23613.17,23548.83,33.55,-0.4378,40.24,-1,23730.0,23652.0,False,NO_SIGNAL,NONE,past last entry (13:30:00),23443.0,23450,108.5,83.6,False,,,,False,False
2026-06-01,14:05,23509.8,23510.0,23487.9,23489.7,40040,23611.79,23543.2,29.68,-0.5171,90.95,-1,23730.0,23652.0,False,NO_SIGNAL,NONE,past last entry (13:30:00),23427.85,23450,97.35,91.45,False,,,,False,False
2026-06-01,14:10,23489.7,23498.6,23475.0,23477.6,88335,23608.56,23536.95,27.62,-0.5547,51.27,-1,23730.0,23652.0,False,NO_SIGNAL,NONE,past last entry (13:30:00),23417.0,23400,,,False,,,,False,False
2026-06-01,14:15,23477.6,23496.0,23468.0,23495.0,62855,23606.41,23532.96,34.66,-0.4719,62.14,1,23730.0,23652.0,False,NO_SIGNAL,NONE,past last entry (13:30:00),23425.1,23450,,,False,,,,False,False
2026-06-01,14:20,23490.0,23493.0,23461.2,23463.0,59865,23604.2,23526.3,29.06,-0.5982,84.91,-1,23730.0,23652.0,False,NO_SIGNAL,NONE,past last entry (13:30:00),23393.05,23400,,,False,,,,False,False
2026-06-01,14:25,23461.0,23484.1,23460.0,23463.2,46215,23602.49,23520.29,29.14,-0.5901,9.13,1,23730.0,23652.0,False,NO_SIGNAL,NONE,past last entry (13:30:00),23394.1,23400,113.5,79.9,False,,,,False,False
2026-06-01,14:30,23467.8,23484.5,23452.0,23470.0,45240,23600.87,23515.5,31.85,-0.5545,6.77,1,23730.0,23652.0,False,NO_SIGNAL,NONE,past last entry (13:30:00),23396.7,23400,115.6,79.65,False,,,,False,False
2026-06-01,14:35,23466.7,23495.0,23466.7,23491.8,62660,23598.94,23513.24,39.8,-0.454,88.69,1,23730.0,23652.0,False,NO_SIGNAL,NONE,past last entry (13:30:00),23419.75,23400,125.8,67.75,False,,,,False,False
2026-06-01,14:40,23495.0,23497.0,23488.0,23491.0,29770,23598.1,23511.12,39.61,-0.4539,44.44,-1,23730.0,23652.0,False,NO_SIGNAL,NONE,past last entry (13:30:00),23417.3,23400,125.15,69.75,False,,,,False,False
2026-06-01,14:45,23491.0,23507.4,23473.9,23487.8,61295,23596.39,23508.9,38.85,-0.4602,9.55,-1,23730.0,23652.0,False,NO_SIGNAL,NONE,past last entry (13:30:00),23403.45,23400,120.05,74.1,False,,,,False,False
2026-06-01,14:50,23487.8,23487.8,23449.5,23465.8,70070,23594.1,23504.8,33.97,-0.5438,57.44,-1,23730.0,23652.0,False,NO_SIGNAL,NONE,past last entry (13:30:00),23381.35,23400,103.65,81.1,False,,,,False,False
2026-06-01,14:55,23465.8,23466.6,23442.0,23451.0,55705,23592.14,23499.67,31.14,-0.5983,60.16,-1,23730.0,23652.0,False,NO_SIGNAL,NONE,past last entry (13:30:00),23373.95,23350,,,False,,,,False,False
2026-06-01,15:00,23449.0,23474.4,23436.0,23469.2,123045,23588.19,23496.77,37.98,-0.5044,52.6,1,23730.0,23652.0,False,NO_SIGNAL,NONE,past last entry (13:30:00),23392.45,23400,,,False,,,,False,False
2026-06-01,15:05,23469.2,23493.9,23460.0,23490.0,44460,23587.05,23496.13,44.74,-0.4115,61.36,1,23730.0,23652.0,False,NO_SIGNAL,NONE,past last entry (13:30:00),23406.05,23400,122.35,67.25,False,,,,False,False
2026-06-01,15:10,23488.1,23498.7,23466.1,23466.1,94770,23584.6,23493.27,39.43,-0.5024,67.48,-1,23730.0,23652.0,False,NO_SIGNAL,NONE,past last entry (13:30:00),23389.6,23400,109.65,74.6,False,,,,False,False
2026-06-01,15:15,23466.9,23484.0,23456.6,23458.0,107835,23581.67,23489.91,37.79,-0.5244,32.48,-1,23730.0,23652.0,False,NO_SIGNAL,NONE,past last entry (13:30:00),23378.2,23400,102.0,78.35,False,,,,False,False
2026-06-01,15:20,23458.0,23469.5,23449.2,23455.7,118495,23578.41,23486.65,37.31,-0.5204,11.33,-1,23730.0,23652.0,False,NO_SIGNAL,NONE,past last entry (13:30:00),23370.9,23350,,,False,,,,False,False
2026-06-01,15:25,23455.7,23469.8,23444.6,23459.9,225940,23572.64,23484.1,38.82,-0.4783,16.67,1,23730.0,23652.0,False,NO_SIGNAL,NONE,past last entry (13:30:00),23379.2,23400,,,False,,,,False,False
