date,time,open,high,low,close,volume,vwap,ema20,rsi14,vwap_distance_pct,ema_slope_strong_up,ema_slope_strong_down,volume_surge,body_pct,is_spike,multi_candle_bullish,multi_candle_bearish,efficiency_ratio,ema_delta,rsi_delta,volume_ratio,efficiency_delta,vwap_dist_delta,candle_direction,price_momentum_pct,market_state,enough_data,signal,nifty_spot,atm_strike,ce_ltp,pe_ltp,in_position,position_type,position_entry_price,position_current_price
2026-06-23,09:15,58011.0,58011.0,57885.8,57939.8,32160,57945.53,58003.54,37.22,-0.0099,False,True,True,56.87,False,False,True,0.6667,-6.71,-5.67,2.844,0.0253,-0.0694,-1,-0.0693,TRENDING,True,NO_SIGNAL,57834.1,57800,409.05,394.2,False,,,
2026-06-23,09:20,57939.8,57970.0,57924.8,57933.2,10260,57944.84,57996.84,36.37,-0.0201,False,True,False,14.6,False,False,True,0.7233,-6.7,-0.85,0.734,0.0566,-0.0114,-1,-0.0114,TRENDING,True,NO_SIGNAL,57835.15,57800,465.6,343.95,False,,,
2026-06-23,09:25,57933.4,57975.0,57925.0,57962.4,12690,57946.98,57993.56,42.62,0.0266,False,True,False,58.0,False,False,True,0.5601,-3.28,6.25,0.97,-0.1632,0.0504,1,0.0504,SIDEWAYS,True,NO_SIGNAL,57880.95,57900,481.65,328.95,False,,,
2026-06-23,09:30,57963.4,57996.8,57955.0,57990.0,9180,57951.78,57993.22,47.83,0.066,False,True,False,63.64,False,True,False,0.3428,-0.34,5.21,0.692,-0.2173,0.0476,1,0.0476,SIDEWAYS,True,NO_SIGNAL,57888.0,57900,428.6,362.9,False,,,
2026-06-23,09:35,57990.0,58035.0,57963.0,58028.4,8190,57958.22,57996.57,54.08,0.1211,False,True,False,53.33,False,True,False,0.0403,3.35,6.25,0.606,-0.3025,0.0663,1,0.0662,SIDEWAYS,True,NO_SIGNAL,57939.45,57900,450.0,345.9,False,,,
2026-06-23,09:40,58028.4,58038.4,58000.2,58024.0,5520,57962.66,57999.19,53.29,0.1058,False,False,False,11.52,False,True,False,0.1546,2.61,-0.79,0.406,0.1143,-0.0076,-1,-0.0076,SIDEWAYS,True,NO_SIGNAL,57922.55,57900,444.85,346.05,False,,,
2026-06-23,09:45,58024.0,58030.0,57976.6,58015.2,7200,57966.43,58000.71,51.67,0.0841,False,False,False,16.48,False,False,True,0.0633,1.53,-1.62,0.537,-0.0913,-0.0152,-1,-0.0152,SIDEWAYS,True,NO_SIGNAL,57933.65,57900,447.15,349.3,False,,,
2026-06-23,09:50,58025.6,58047.4,58000.0,58025.6,6180,57970.34,58003.08,53.47,0.0953,True,False,False,0.0,False,False,True,0.2413,2.37,1.8,0.451,0.178,0.0179,0,0.0179,SIDEWAYS,True,NO_SIGNAL,57951.0,58000,454.2,338.1,False,,,
2026-06-23,09:55,58025.6,58044.8,58011.0,58038.8,3720,57972.74,58006.48,55.73,0.114,True,False,False,39.05,False,False,False,0.3639,3.4,2.26,0.27,0.1226,0.0228,1,0.0227,SIDEWAYS,True,NO_SIGNAL,57946.75,57900,399.0,382.6,False,,,
2026-06-23,10:00,58038.8,58040.0,57981.4,58020.6,4260,57974.51,58007.83,51.99,0.0795,True,False,False,31.06,False,False,False,0.5,1.34,-3.74,0.337,0.1361,-0.0314,-1,-0.0314,TRENDING,True,NO_SIGNAL,57933.3,57900,450.95,340.2,False,,,
2026-06-23,10:05,58020.6,58040.0,57980.6,58014.2,10590,57978.08,58008.43,50.7,0.0623,True,False,False,10.77,False,False,True,0.6607,0.61,-1.29,1.066,0.1607,-0.011,-1,-0.011,TRENDING,True,NO_SIGNAL,57895.35,57900,443.0,349.95,False,,,
2026-06-23,10:10,58014.2,58017.8,57975.0,57982.0,2400,57978.37,58005.92,44.69,0.0063,False,False,False,75.23,False,False,True,0.1601,-2.52,-6.01,0.309,-0.5006,-0.0555,-1,-0.0555,SIDEWAYS,True,NO_SIGNAL,57884.9,57900,437.65,351.2,False,,,
2026-06-23,10:15,57981.8,58030.0,57970.0,58030.0,7560,57980.36,58008.21,53.53,0.0856,False,False,False,80.33,False,False,True,0.4329,2.29,8.84,1.081,0.2728,0.0828,1,0.0828,TRENDING,True,NO_SIGNAL,57928.05,57900,446.8,333.2,False,,,
2026-06-23,10:20,58030.0,58030.0,57972.2,57990.4,9780,57981.66,58006.51,46.87,0.0151,False,False,True,68.51,False,False,True,0.4502,-1.7,-6.66,1.509,0.0173,-0.0683,-1,-0.0682,TRENDING,True,NO_SIGNAL,57905.4,57900,435.15,349.05,False,,,
2026-06-23,10:25,57990.4,57995.0,57958.0,57985.4,15270,57981.43,58004.5,46.1,0.0068,False,False,True,13.51,False,False,True,0.4318,-2.01,-0.78,2.335,-0.0184,-0.0086,-1,-0.0086,TRENDING,True,NO_SIGNAL,57902.6,57900,434.2,345.75,False,,,
2026-06-23,10:30,57979.6,57999.2,57968.4,57997.0,1830,57981.51,58003.79,48.25,0.0267,False,False,False,56.49,False,False,True,0.2036,-0.71,2.15,0.252,-0.2282,0.02,1,0.02,SIDEWAYS,True,NO_SIGNAL,57907.6,57900,436.8,341.0,False,,,
2026-06-23,10:35,58000.0,58024.8,57985.6,58006.0,2730,57981.95,58004.0,49.91,0.0415,False,False,False,15.31,False,True,False,0.2192,0.21,1.67,0.397,0.0156,0.0155,1,0.0155,SIDEWAYS,True,NO_SIGNAL,57911.7,57900,436.5,340.85,False,,,
2026-06-23,10:40,57995.4,58026.0,57993.0,57993.0,1980,57982.24,58002.95,47.53,0.0186,False,False,False,7.27,False,True,False,0.5276,-1.05,-2.38,0.308,0.3084,-0.0224,-1,-0.0224,TRENDING,True,NO_SIGNAL,57885.65,57900,426.0,347.2,False,,,
2026-06-23,10:45,58004.8,58004.8,57967.6,57981.0,3480,57982.29,58000.86,45.38,-0.0022,False,False,False,63.98,False,False,True,0.4829,-2.09,-2.15,0.579,-0.0447,-0.0207,-1,-0.0207,TRENDING,True,NO_SIGNAL,57888.9,57900,434.25,343.8,False,,,
2026-06-23,10:50,57981.4,58006.0,57970.8,58000.0,2190,57982.43,58000.78,49.29,0.0303,False,False,False,52.84,False,False,True,0.1732,-0.08,3.92,0.366,-0.3097,0.0328,1,0.0328,SIDEWAYS,True,NO_SIGNAL,57896.2,57900,434.05,343.35,False,,,
2026-06-23,10:55,58000.0,58000.0,57964.0,57972.8,4470,57982.33,57998.11,44.38,-0.0164,False,False,False,75.56,False,False,True,0.1278,-2.66,-4.91,0.773,-0.0454,-0.0469,-1,-0.0469,SIDEWAYS,True,NO_SIGNAL,57888.0,57900,425.0,350.2,False,,,
2026-06-23,11:00,57972.8,57999.8,57950.0,57975.0,2940,57982.2,57995.91,44.86,-0.0124,False,True,False,4.42,False,True,False,0.6875,-2.2,0.48,0.569,0.5597,0.0038,1,0.0038,SIDEWAYS,True,NO_SIGNAL,57871.65,57900,416.4,358.25,False,,,
2026-06-23,11:05,57975.0,57994.8,57952.2,57981.4,1920,57982.13,57994.53,46.31,-0.0013,False,True,False,15.02,False,True,False,0.1125,-1.38,1.45,0.368,-0.575,0.011,1,0.011,SIDEWAYS,True,NO_SIGNAL,57877.4,57900,416.6,356.2,False,,,
2026-06-23,11:10,57981.4,57994.8,57959.0,57994.0,2580,57982.13,57994.48,49.14,0.0205,False,False,False,35.2,False,True,False,0.1132,-0.05,2.83,0.554,0.0007,0.0217,1,0.0217,SIDEWAYS,True,NO_SIGNAL,57901.2,57900,427.15,343.35,False,,,
2026-06-23,11:15,57994.0,58018.0,57978.4,57984.0,3420,57982.36,57993.48,47.02,0.0028,False,False,False,25.25,False,True,False,0.1711,-1.0,-2.12,0.868,0.0579,-0.0172,-1,-0.0172,SIDEWAYS,True,NO_SIGNAL,57901.0,57900,423.85,346.1,False,,,
2026-06-23,11:20,58000.0,58005.0,57966.6,58003.0,2430,57982.49,57994.39,51.31,0.0354,False,False,False,7.81,False,True,False,0.0395,0.91,4.29,0.882,-0.1316,0.0328,1,0.0328,SIDEWAYS,True,NO_SIGNAL,57890.75,57900,419.0,348.45,False,,,
2026-06-23,11:25,58003.0,58003.0,57970.2,57970.2,1710,57982.47,57992.08,44.6,-0.0212,False,False,False,100.0,False,False,True,0.3,-2.3,-6.72,0.608,0.2605,-0.0566,-1,-0.0565,SIDEWAYS,True,NO_SIGNAL,57869.95,57900,414.75,349.05,False,,,
2026-06-23,11:30,57970.2,57974.0,57950.0,57951.2,3270,57982.04,57988.19,41.23,-0.0532,False,False,True,79.17,False,False,True,0.4382,-3.89,-3.37,1.206,0.1382,-0.0328,-1,-0.0328,TRENDING,True,NO_SIGNAL,57852.75,57900,405.75,359.0,False,,,
2026-06-23,11:35,57951.2,57966.8,57930.0,57935.0,6450,57980.72,57983.13,38.55,-0.0789,False,True,True,44.02,False,False,True,0.7386,-5.07,-2.67,2.27,0.3004,-0.0279,-1,-0.028,TRENDING,True,NO_SIGNAL,57824.4,57800,392.4,370.75,False,,,
2026-06-23,11:40,57935.0,57941.8,57819.0,57845.0,43920,57959.33,57969.97,27.78,-0.1973,False,True,True,73.29,False,False,True,0.6422,-13.15,-10.78,13.996,-0.0964,-0.1553,-1,-0.1553,TRENDING,True,BUY_PE,57762.7,57800,408.35,374.75,False,,,
2026-06-23,11:45,57845.0,57845.0,57695.0,57700.0,52230,57920.02,57944.26,18.71,-0.3799,False,True,True,96.67,False,False,True,0.8514,-25.71,-9.07,7.144,0.2092,-0.2503,-1,-0.2507,TRENDING,True,BUY_PE,57625.15,57600,354.05,443.8,False,,,
2026-06-23,11:50,57700.0,57767.0,57675.0,57737.2,20430,57906.96,57924.54,25.43,-0.2932,False,True,True,40.43,False,False,True,0.712,-19.72,6.73,1.69,-0.1394,0.0642,1,0.0645,TRENDING,True,NO_SIGNAL,57649.15,57600,478.2,335.05,True,PE,350,335.05
2026-06-23,11:55,57738.2,57740.0,57600.0,57640.4,28380,57885.82,57897.48,20.65,-0.424,False,True,True,69.86,False,False,True,0.8459,-27.06,-4.79,2.051,0.1339,-0.1672,-1,-0.1677,TRENDING,True,NO_SIGNAL,57544.7,57500,437.4,417.0,False,,,
2026-06-23,12:00,57626.0,57650.0,57580.0,57620.0,21630,57869.32,57871.05,19.8,-0.4308,False,True,True,8.57,False,False,True,0.8311,-26.43,-0.85,1.312,-0.0148,-0.0353,-1,-0.0354,TRENDING,True,NO_SIGNAL,57516.6,57500,479.85,381.1,False,,,
2026-06-23,12:05,57605.2,57630.0,57541.4,57597.8,19170,57854.92,57845.03,18.89,-0.4444,False,True,False,8.35,False,False,True,0.874,-26.02,-0.91,1.043,0.0429,-0.0384,-1,-0.0385,TRENDING,True,NO_SIGNAL,57490.55,57500,471.25,400.0,False,,,
2026-06-23,12:10,57597.8,57627.8,57550.0,57605.0,12120,57846.7,57822.17,20.17,-0.4178,False,True,False,9.25,False,False,True,0.7912,-22.86,1.28,0.607,-0.0828,0.0124,1,0.0125,TRENDING,True,NO_SIGNAL,57518.8,57500,481.65,391.5,False,,,
2026-06-23,12:15,57605.0,57650.0,57565.2,57633.6,10380,57840.64,57804.21,25.21,-0.3579,False,True,False,33.73,False,True,False,0.7342,-17.96,5.04,0.496,-0.057,0.0494,1,0.0496,TRENDING,True,NO_SIGNAL,57530.4,57500,486.75,384.5,False,,,
2026-06-23,12:20,57633.6,57633.6,57420.8,57460.0,24660,57820.88,57771.43,17.85,-0.6241,False,True,False,81.58,False,True,False,0.87,-32.78,-7.36,1.131,0.1358,-0.3002,-1,-0.3012,TRENDING,True,NO_SIGNAL,57394.45,57400,438.0,469.35,False,,,
2026-06-23,12:25,57460.0,57579.0,57460.0,57550.0,9330,57814.54,57750.34,29.37,-0.4576,False,True,False,75.63,False,True,False,0.5662,-21.09,11.52,0.39,-0.3038,0.1557,1,0.1566,TRENDING,True,NO_SIGNAL,57458.15,57500,507.4,385.0,False,,,
2026-06-23,12:30,57550.0,57550.0,57510.0,57539.0,8220,57809.25,57730.21,28.83,-0.4675,False,True,False,27.5,False,False,True,0.3795,-20.13,-0.53,0.339,-0.1867,-0.019,-1,-0.0191,SIDEWAYS,True,NO_SIGNAL,57445.3,57400,453.7,437.3,False,,,
2026-06-23,12:35,57539.0,57580.4,57514.8,57554.2,8370,57804.37,57713.45,30.7,-0.4328,False,True,False,23.17,False,True,False,0.5286,-16.76,1.87,0.405,0.1491,0.0263,1,0.0264,TRENDING,True,NO_SIGNAL,57474.8,57500,510.0,373.0,False,,,
2026-06-23,12:40,57554.2,57580.0,57524.6,57543.0,7500,57800.14,57697.22,30.08,-0.4449,False,True,False,20.22,False,False,True,0.3051,-16.23,-0.63,0.461,-0.2235,-0.0194,-1,-0.0195,SIDEWAYS,True,NO_SIGNAL,57472.55,57500,450.1,408.85,False,,,
2026-06-23,12:45,57543.0,57550.0,57471.0,57471.2,7590,57795.15,57675.69,26.36,-0.5605,False,True,False,90.89,False,False,True,0.6492,-21.53,-3.71,0.507,0.3441,-0.1242,-1,-0.1248,TRENDING,True,NO_SIGNAL,57401.65,57400,420.0,456.35,False,,,
2026-06-23,12:50,57474.8,57505.0,57474.8,57480.0,5100,57791.77,57657.05,27.54,-0.5395,False,True,False,17.22,False,False,True,0.514,-18.64,1.18,0.395,-0.1352,0.0152,1,0.0153,TRENDING,True,NO_SIGNAL,57419.1,57400,484.2,404.25,False,,,
2026-06-23,12:55,57480.0,57500.0,57475.0,57499.0,7140,57787.23,57642.0,30.15,-0.4988,False,True,False,76.0,False,True,False,0.4625,-15.05,2.61,0.635,-0.0515,0.0329,1,0.0331,TRENDING,True,NO_SIGNAL,57412.75,57400,482.45,403.05,False,,,
2026-06-23,13:00,57499.0,57499.0,57444.0,57496.4,8340,57781.9,57628.13,29.99,-0.4941,False,True,False,4.73,False,True,False,0.5986,-13.87,-0.16,0.831,0.1361,-0.0045,-1,-0.0045,TRENDING,True,NO_SIGNAL,57405.55,57400,489.0,399.95,False,,,
2026-06-23,13:05,57496.4,57554.0,57482.4,57548.0,6300,57778.61,57620.5,37.08,-0.3991,False,True,False,72.07,False,True,False,0.4135,-7.63,7.09,0.652,-0.1851,0.0893,1,0.0897,TRENDING,True,NO_SIGNAL,57464.15,57500,509.15,364.4,False,,,
2026-06-23,13:10,57550.0,57576.0,57530.2,57530.2,8730,57774.51,57611.9,35.73,-0.4229,False,True,False,43.23,False,False,True,0.1452,-8.6,-1.34,0.943,-0.2683,-0.0308,-1,-0.0309,SIDEWAYS,True,NO_SIGNAL,57436.05,57400,436.05,437.2,False,,,
2026-06-23,13:15,57530.2,57530.2,57454.2,57510.0,5640,57771.4,57602.2,34.22,-0.4525,False,True,False,26.58,False,False,True,0.2126,-9.7,-1.52,0.736,0.0674,-0.035,-1,-0.0351,SIDEWAYS,True,NO_SIGNAL,57425.65,57400,491.3,391.5,False,,,
2026-06-23,13:20,57510.0,57541.0,57480.0,57491.6,5370,57768.57,57591.66,32.85,-0.4794,False,True,False,30.16,False,False,True,0.4589,-10.53,-1.37,0.736,0.2463,-0.0319,-1,-0.032,TRENDING,True,NO_SIGNAL,57422.35,57400,482.0,394.0,False,,,
2026-06-23,13:25,57491.6,57497.8,57430.2,57480.0,10560,57762.47,57581.03,31.98,-0.489,False,True,True,17.16,False,False,True,0.4206,-10.63,-0.87,1.507,-0.0383,-0.0201,-1,-0.0202,TRENDING,True,NO_SIGNAL,57396.85,57400,476.0,409.55,False,,,
2026-06-23,13:30,57480.0,57494.2,57356.0,57356.0,19530,57749.36,57559.6,24.53,-0.6812,False,True,True,89.73,False,False,True,0.5236,-21.43,-7.46,2.702,0.103,-0.2147,-1,-0.2157,TRENDING,True,NO_SIGNAL,57293.15,57300,420.65,485.75,False,,,
2026-06-23,13:35,57356.0,57396.6,57334.8,57359.0,17460,57737.21,57540.49,24.98,-0.6551,False,True,True,4.85,False,False,True,0.5017,-19.1,0.46,2.071,-0.0219,0.0052,1,0.0052,TRENDING,True,NO_SIGNAL,57296.55,57300,483.05,429.25,False,,,
2026-06-23,13:40,57350.6,57400.0,57348.8,57400.0,7350,57732.57,57527.11,31.1,-0.5761,False,True,False,96.48,False,True,False,0.4104,-13.38,6.12,0.781,-0.0913,0.071,1,0.0715,TRENDING,True,NO_SIGNAL,57327.25,57300,492.0,413.85,False,,,
2026-06-23,13:45,57400.0,57426.4,57383.0,57420.0,7020,57728.59,57516.91,33.94,-0.5346,False,True,False,46.08,False,True,False,0.3167,-10.2,2.83,0.728,-0.0937,0.0346,1,0.0348,SIDEWAYS,True,NO_SIGNAL,57338.8,57300,493.1,397.4,False,,,
2026-06-23,13:50,57420.0,57420.0,57339.0,57350.0,10560,57722.05,57501.02,29.38,-0.6446,False,True,False,86.42,False,True,False,0.8209,-15.9,-4.55,1.097,0.5042,-0.1213,-1,-0.1219,TRENDING,True,NO_SIGNAL,57280.2,57300,463.65,424.25,False,,,
2026-06-23,13:55,57350.2,57350.2,57306.4,57325.0,13380,57713.13,57484.25,27.94,-0.6725,False,True,True,57.53,False,False,True,0.7611,-16.76,-1.44,1.358,-0.0598,-0.0433,-1,-0.0436,TRENDING,True,NO_SIGNAL,57263.55,57300,453.95,430.25,False,,,
2026-06-23,14:00,57325.0,57410.0,57324.0,57410.0,7980,57708.73,57477.18,38.92,-0.5177,False,True,False,98.84,False,False,True,0.4263,-7.07,10.97,0.756,-0.3348,0.1473,1,0.1483,TRENDING,True,NO_SIGNAL,57331.4,57300,484.2,389.5,False,,,
2026-06-23,14:05,57425.2,57438.0,57370.4,57389.0,4200,57706.58,57468.78,37.4,-0.5503,False,True,False,53.55,False,False,True,0.4373,-8.4,-1.52,0.401,0.011,-0.0364,-1,-0.0366,TRENDING,True,NO_SIGNAL,57316.15,57300,480.7,402.3,False,,,
2026-06-23,14:10,57389.0,57460.0,57389.0,57460.0,6360,57703.77,57467.95,45.18,-0.4225,False,True,False,100.0,False,True,False,0.1045,-0.84,7.77,0.615,-0.3328,0.123,1,0.1237,SIDEWAYS,True,NO_SIGNAL,57376.7,57400,505.35,367.3,False,,,
2026-06-23,14:15,57460.0,57462.0,57401.0,57403.6,6000,57701.03,57461.82,40.84,-0.5155,False,True,False,92.46,False,False,True,0.2535,-6.13,-4.34,0.575,0.149,-0.0977,-1,-0.0982,SIDEWAYS,True,NO_SIGNAL,57336.15,57300,423.0,441.35,False,,,
2026-06-23,14:20,57403.6,57460.0,57380.0,57420.0,2880,57699.72,57457.83,42.56,-0.4848,False,True,False,20.5,False,True,False,0.392,-3.98,1.73,0.288,0.1385,0.0284,1,0.0286,SIDEWAYS,True,NO_SIGNAL,57363.05,57400,492.15,375.4,False,,,
2026-06-23,14:25,57420.0,57450.0,57415.0,57415.0,1740,57698.96,57453.76,42.16,-0.4921,False,True,False,14.29,False,False,True,0.0964,-4.08,-0.4,0.209,-0.2956,-0.0087,-1,-0.0087,SIDEWAYS,True,NO_SIGNAL,57353.1,57400,433.85,422.0,False,,,
2026-06-23,14:30,57415.0,57430.0,57415.0,57424.0,1470,57698.31,57450.92,43.21,-0.4754,False,True,False,60.0,False,True,False,0.0257,-2.83,1.05,0.218,-0.0707,0.0156,1,0.0157,SIDEWAYS,True,NO_SIGNAL,57336.2,57300,427.7,430.4,False,,,
2026-06-23,14:35,57424.0,57424.0,57390.2,57414.0,3750,57696.58,57447.41,42.29,-0.4898,False,True,False,29.59,False,False,True,0.4113,-3.52,-0.91,0.609,0.3856,-0.0173,-1,-0.0174,TRENDING,True,NO_SIGNAL,57331.65,57300,473.05,393.9,False,,,
2026-06-23,14:40,57414.0,57465.0,57385.0,57465.0,5760,57694.23,57449.08,48.3,-0.3973,False,True,False,63.75,False,True,False,0.8827,1.68,6.01,0.988,0.4714,0.0884,1,0.0888,TRENDING,True,NO_SIGNAL,57385.0,57400,512.6,349.8,False,,,
2026-06-23,14:45,57465.0,57480.0,57420.0,57430.0,6270,57691.77,57447.26,44.85,-0.4537,False,True,False,58.33,False,False,True,0.1282,-1.82,-3.45,1.172,-0.7545,-0.0607,-1,-0.0609,SIDEWAYS,True,NO_SIGNAL,57360.05,57400,439.15,415.65,False,,,
2026-06-23,14:50,57426.0,57450.0,57413.0,57430.2,3540,57690.33,57445.64,44.87,-0.4509,False,True,False,11.35,False,True,False,0.3759,-1.63,0.02,0.763,0.2477,0.0003,1,0.0003,SIDEWAYS,True,NO_SIGNAL,57369.25,57400,435.35,417.8,False,,,
2026-06-23,14:55,57430.2,57465.0,57401.4,57401.4,3150,57689.03,57441.43,42.01,-0.4986,False,True,False,45.28,False,False,True,0.586,-4.21,-2.86,0.751,0.2101,-0.0499,-1,-0.0501,TRENDING,True,NO_SIGNAL,57356.05,57400,430.2,424.0,False,,,
2026-06-23,15:00,57401.4,57429.6,57302.0,57325.0,14790,57681.49,57430.34,35.53,-0.618,False,True,True,59.87,False,False,True,0.4416,-11.09,-6.48,3.614,-0.1444,-0.1325,-1,-0.1331,TRENDING,True,NO_SIGNAL,57226.2,57200,401.95,471.5,False,,,
2026-06-23,15:05,57325.0,57384.0,57325.0,57350.0,13740,57674.8,57422.69,38.85,-0.5632,False,True,True,42.37,False,False,True,0.3933,-7.65,3.32,2.784,-0.0483,0.0433,1,0.0436,SIDEWAYS,True,NO_SIGNAL,57243.9,57200,521.7,365.0,False,,,
2026-06-23,15:10,57350.0,57356.0,57313.0,57320.0,10050,57669.73,57412.91,36.43,-0.6064,False,True,True,69.77,False,False,True,0.5337,-9.78,-2.43,1.76,0.1404,-0.052,-1,-0.0523,TRENDING,True,NO_SIGNAL,57211.75,57200,507.85,388.95,False,,,
2026-06-23,15:15,57320.0,57329.4,57165.0,57190.6,40800,57644.9,57391.73,28.24,-0.7881,False,True,True,78.71,False,False,True,0.741,-21.17,-8.19,6.349,0.2073,-0.2245,-1,-0.2258,TRENDING,True,NO_SIGNAL,57126.65,57100,450.0,452.05,False,,,
2026-06-23,15:20,57190.6,57228.8,57171.6,57175.0,19170,57633.23,57371.09,27.43,-0.7951,False,True,True,27.27,False,False,True,0.7587,-20.64,-0.8,1.855,0.0177,-0.0271,-1,-0.0273,TRENDING,True,NO_SIGNAL,57111.8,57100,502.25,418.85,False,,,
2026-06-23,15:25,57175.0,57196.4,57152.0,57185.0,33390,57613.68,57353.37,28.83,-0.7441,False,True,True,22.52,False,False,True,0.8537,-17.72,1.39,2.759,0.095,0.0174,1,0.0175,TRENDING,True,NO_SIGNAL,57102.65,57100,495.0,420.75,False,,,
